line_key,model,horizon,n_obs,actual_total,wape_pct,mape_pct,bias_pct,bias_ratio
billing.voice,seasonal_naive,in_week,110,223088.0,21.15,31.25,-0.14,-0.007
billing.voice,seasonal_naive,short_term,327,705024.0,29.53,36.26,-6.12,-0.207
billing.voice,seasonal_naive,medium_term,984,1965179.0,32.68,41.12,1.27,0.039
billing.voice,decomposition,in_week,110,223088.0,14.16,24.77,-2.27,-0.161
billing.voice,decomposition,short_term,327,705024.0,14.83,23.6,-7.81,-0.527
billing.voice,decomposition,medium_term,984,1965179.0,14.66,24.23,-5.49,-0.374
billing.voice,ridge_log,in_week,110,223088.0,13.1,23.14,-1.56,-0.119
billing.voice,ridge_log,short_term,327,705024.0,12.54,22.31,-3.09,-0.247
billing.voice,ridge_log,medium_term,984,1965179.0,13.35,23.42,-1.18,-0.088
billing.webchat,seasonal_naive,in_week,110,154463.0,22.95,33.14,-2.46,-0.107
billing.webchat,seasonal_naive,short_term,327,498396.0,28.57,35.64,-10.54,-0.369
billing.webchat,seasonal_naive,medium_term,984,1487576.0,28.69,36.26,-9.72,-0.339
billing.webchat,decomposition,in_week,110,154463.0,15.16,26.43,-3.07,-0.202
billing.webchat,decomposition,short_term,327,498396.0,15.58,25.05,-10.73,-0.688
billing.webchat,decomposition,medium_term,984,1487576.0,16.7,26.85,-11.34,-0.679
billing.webchat,ridge_log,in_week,110,154463.0,12.26,22.61,-1.86,-0.152
billing.webchat,ridge_log,short_term,327,498396.0,12.77,22.3,-5.02,-0.393
billing.webchat,ridge_log,medium_term,984,1487576.0,13.34,23.24,-6.15,-0.461
billing.email,seasonal_naive,in_week,110,77127.0,30.32,45.07,-11.64,-0.384
billing.email,seasonal_naive,short_term,327,241754.0,34.67,46.21,-16.55,-0.477
billing.email,seasonal_naive,medium_term,984,699807.0,35.75,48.24,-13.23,-0.37
billing.email,decomposition,in_week,110,77127.0,23.27,39.36,-11.31,-0.486
billing.email,decomposition,short_term,327,241754.0,23.06,36.75,-17.15,-0.744
billing.email,decomposition,medium_term,984,699807.0,22.55,37.15,-15.87,-0.704
billing.email,ridge_log,in_week,110,77127.0,20.32,36.24,-12.59,-0.62
billing.email,ridge_log,short_term,327,241754.0,21.8,35.71,-14.0,-0.642
billing.email,ridge_log,medium_term,984,699807.0,20.65,35.27,-14.23,-0.689
billing.messaging,seasonal_naive,in_week,110,38386.0,20.65,30.37,-2.69,-0.131
billing.messaging,seasonal_naive,short_term,327,122539.0,28.94,35.7,-9.78,-0.338
billing.messaging,seasonal_naive,medium_term,984,364472.0,28.94,36.37,-8.73,-0.302
billing.messaging,decomposition,in_week,110,38386.0,14.55,25.13,-4.05,-0.279
billing.messaging,decomposition,short_term,327,122539.0,15.24,23.95,-9.98,-0.655
billing.messaging,decomposition,medium_term,984,364472.0,15.0,24.34,-9.35,-0.623
billing.messaging,ridge_log,in_week,110,38386.0,12.54,22.94,-2.32,-0.185
billing.messaging,ridge_log,short_term,327,122539.0,12.33,22.24,-4.29,-0.348
billing.messaging,ridge_log,medium_term,984,364472.0,12.02,22.15,-4.07,-0.339
metering.voice,seasonal_naive,in_week,110,52211.0,23.14,31.08,-11.65,-0.504
metering.voice,seasonal_naive,short_term,327,149389.0,17.87,26.19,-8.68,-0.486
metering.voice,seasonal_naive,medium_term,984,461260.0,21.09,29.55,-10.64,-0.505
metering.voice,decomposition,in_week,110,52211.0,13.3,24.8,-4.4,-0.331
metering.voice,decomposition,short_term,327,149389.0,13.12,22.84,-5.06,-0.386
metering.voice,decomposition,medium_term,984,461260.0,13.07,23.29,-5.03,-0.385
metering.voice,ridge_log,in_week,110,52211.0,12.77,23.18,-3.67,-0.288
metering.voice,ridge_log,short_term,327,149389.0,12.07,21.96,-4.0,-0.331
metering.voice,ridge_log,medium_term,984,461260.0,12.22,22.26,-4.01,-0.328
metering.email,seasonal_naive,in_week,110,20697.0,30.05,43.84,-17.9,-0.596
metering.email,seasonal_naive,short_term,327,61026.0,27.0,39.93,-17.62,-0.653
metering.email,seasonal_naive,medium_term,984,186275.0,28.56,41.98,-18.52,-0.648
metering.email,decomposition,in_week,110,20697.0,22.63,40.12,-10.73,-0.474
metering.email,decomposition,short_term,327,61026.0,22.2,36.87,-13.76,-0.62
metering.email,decomposition,medium_term,984,186275.0,21.96,37.69,-12.19,-0.555
metering.email,ridge_log,in_week,110,20697.0,20.47,36.76,-10.39,-0.508
metering.email,ridge_log,short_term,327,61026.0,21.93,36.42,-13.38,-0.61
metering.email,ridge_log,medium_term,984,186275.0,21.12,36.23,-11.84,-0.561
operations.voice,seasonal_naive,in_week,112,93175.0,17.98,16.49,-4.59,-0.255
operations.voice,seasonal_naive,short_term,336,303319.0,26.06,18.06,-12.08,-0.463
operations.voice,seasonal_naive,medium_term,1008,857374.0,29.52,24.45,-6.68,-0.226
operations.voice,decomposition,in_week,112,93175.0,12.92,12.17,-4.75,-0.368
operations.voice,decomposition,short_term,336,303319.0,16.72,11.23,-10.08,-0.603
operations.voice,decomposition,medium_term,1008,857374.0,15.01,11.15,-7.88,-0.525
operations.voice,ridge_log,in_week,112,93175.0,8.9,9.85,1.26,0.142
operations.voice,ridge_log,short_term,336,303319.0,16.04,11.25,-5.92,-0.369
operations.voice,ridge_log,medium_term,1008,857374.0,14.32,11.07,-3.82,-0.267
operations.messaging,seasonal_naive,in_week,112,27827.0,18.64,16.04,-6.87,-0.368
operations.messaging,seasonal_naive,short_term,336,90559.0,26.6,18.06,-14.14,-0.532
operations.messaging,seasonal_naive,medium_term,1008,262361.0,29.31,23.29,-11.1,-0.379
operations.messaging,decomposition,in_week,112,27827.0,12.56,11.4,-3.76,-0.299
operations.messaging,decomposition,short_term,336,90559.0,18.09,12.98,-9.45,-0.523
operations.messaging,decomposition,medium_term,1008,262361.0,15.99,12.14,-8.83,-0.552
operations.messaging,ridge_log,in_week,112,27827.0,8.7,9.33,1.08,0.124
operations.messaging,ridge_log,short_term,336,90559.0,17.18,12.7,-6.26,-0.364
operations.messaging,ridge_log,medium_term,1008,262361.0,15.43,12.28,-4.35,-0.282
quality.voice,seasonal_naive,in_week,112,21095.0,16.05,16.79,-3.84,-0.239
quality.voice,seasonal_naive,short_term,336,66328.0,19.66,16.36,-8.25,-0.42
quality.voice,seasonal_naive,medium_term,1008,199687.0,23.33,21.92,-8.57,-0.368
quality.voice,decomposition,in_week,112,21095.0,12.0,13.37,-1.49,-0.124
quality.voice,decomposition,short_term,336,66328.0,17.0,13.72,-6.48,-0.381
quality.voice,decomposition,medium_term,1008,199687.0,15.14,13.57,-4.49,-0.297
quality.voice,ridge_log,in_week,112,21095.0,9.45,11.15,0.7,0.074
quality.voice,ridge_log,short_term,336,66328.0,16.6,13.43,-4.78,-0.288
quality.voice,ridge_log,medium_term,1008,199687.0,14.62,12.99,-2.72,-0.186
affordability.voice,seasonal_naive,in_week,110,63009.0,23.41,33.76,2.5,0.107
affordability.voice,seasonal_naive,short_term,327,206411.0,26.8,33.5,-7.24,-0.27
affordability.voice,seasonal_naive,medium_term,984,596821.0,30.64,37.91,-4.01,-0.131
affordability.voice,decomposition,in_week,110,63009.0,15.51,26.23,-0.97,-0.062
affordability.voice,decomposition,short_term,327,206411.0,13.82,23.38,-6.69,-0.484
affordability.voice,decomposition,medium_term,984,596821.0,14.23,24.0,-5.89,-0.414
affordability.voice,ridge_log,in_week,110,63009.0,13.37,23.35,-2.75,-0.206
affordability.voice,ridge_log,short_term,327,206411.0,12.39,22.22,-5.03,-0.406
affordability.voice,ridge_log,medium_term,984,596821.0,12.41,22.28,-4.65,-0.375
affordability.back_office,seasonal_naive,in_week,110,39077.0,26.06,42.05,-9.54,-0.366
affordability.back_office,seasonal_naive,short_term,327,122166.0,34.62,45.82,-14.27,-0.412
affordability.back_office,seasonal_naive,medium_term,984,358860.0,36.45,48.09,-12.77,-0.35
affordability.back_office,decomposition,in_week,110,39077.0,22.95,39.2,-13.67,-0.596
affordability.back_office,decomposition,short_term,327,122166.0,21.9,36.62,-13.78,-0.629
affordability.back_office,decomposition,medium_term,984,358860.0,22.12,37.32,-14.32,-0.648
affordability.back_office,ridge_log,in_week,110,39077.0,21.21,36.63,-14.85,-0.7
affordability.back_office,ridge_log,short_term,327,122166.0,20.98,35.81,-13.52,-0.644
affordability.back_office,ridge_log,medium_term,984,358860.0,20.96,35.93,-14.6,-0.696
movehome.voice,seasonal_naive,in_week,110,29660.0,16.01,27.8,-3.85,-0.24
movehome.voice,seasonal_naive,short_term,327,89549.0,15.75,25.47,-5.77,-0.366
movehome.voice,seasonal_naive,medium_term,984,273239.0,21.85,31.92,-6.85,-0.314
movehome.voice,decomposition,in_week,110,29660.0,15.71,27.73,-2.55,-0.162
movehome.voice,decomposition,short_term,327,89549.0,13.87,23.63,-3.6,-0.26
movehome.voice,decomposition,medium_term,984,273239.0,14.33,24.79,-2.6,-0.181
movehome.voice,ridge_log,in_week,110,29660.0,13.93,25.06,-2.19,-0.157
movehome.voice,ridge_log,short_term,327,89549.0,12.64,22.58,-2.8,-0.222
movehome.voice,ridge_log,medium_term,984,273239.0,13.12,23.24,-2.33,-0.177
movehome.webchat,seasonal_naive,in_week,110,23761.0,15.78,27.48,-2.3,-0.146
movehome.webchat,seasonal_naive,short_term,327,74349.0,15.97,25.83,-7.76,-0.486
movehome.webchat,seasonal_naive,medium_term,984,230652.0,21.91,31.8,-10.3,-0.47
movehome.webchat,decomposition,in_week,110,23761.0,15.25,26.94,-0.38,-0.025
movehome.webchat,decomposition,short_term,327,74349.0,13.28,23.41,-5.34,-0.402
movehome.webchat,decomposition,medium_term,984,230652.0,13.52,24.14,-4.84,-0.358
movehome.webchat,ridge_log,in_week,110,23761.0,14.04,24.64,-0.99,-0.07
movehome.webchat,ridge_log,short_term,327,74349.0,12.61,22.8,-4.66,-0.369
movehome.webchat,ridge_log,medium_term,984,230652.0,12.76,23.03,-3.51,-0.275
welsh.voice,seasonal_naive,in_week,110,6009.0,24.75,36.71,-2.04,-0.082
welsh.voice,seasonal_naive,short_term,327,18718.0,24.52,32.63,-6.8,-0.277
welsh.voice,seasonal_naive,medium_term,984,54442.0,27.59,36.69,-3.15,-0.114
welsh.voice,decomposition,in_week,110,6009.0,19.72,32.43,-1.49,-0.075
welsh.voice,decomposition,short_term,327,18718.0,17.44,26.78,-7.23,-0.414
welsh.voice,decomposition,medium_term,984,54442.0,18.42,28.8,-5.53,-0.3
welsh.voice,ridge_log,in_week,110,6009.0,19.04,30.56,-0.05,-0.003
welsh.voice,ridge_log,short_term,327,18718.0,16.21,26.21,-5.17,-0.319
welsh.voice,ridge_log,medium_term,984,54442.0,16.9,27.49,-3.72,-0.22
complaints.back_office,seasonal_naive,in_week,110,16732.0,26.07,40.36,-13.49,-0.517
complaints.back_office,seasonal_naive,short_term,327,50577.0,26.24,39.93,-15.33,-0.584
complaints.back_office,seasonal_naive,medium_term,984,147095.0,30.38,43.64,-12.16,-0.4
complaints.back_office,decomposition,in_week,110,16732.0,23.91,39.09,-12.3,-0.514
complaints.back_office,decomposition,short_term,327,50577.0,23.76,37.98,-16.11,-0.678
complaints.back_office,decomposition,medium_term,984,147095.0,23.11,37.85,-14.09,-0.61
complaints.back_office,ridge_log,in_week,110,16732.0,21.31,36.1,-12.14,-0.569
complaints.back_office,ridge_log,short_term,327,50577.0,22.41,36.87,-14.05,-0.627
complaints.back_office,ridge_log,medium_term,984,147095.0,21.63,36.26,-13.17,-0.609
billing.back_office,seasonal_naive,in_week,110,57297.0,29.2,44.31,-10.68,-0.366
billing.back_office,seasonal_naive,short_term,327,181608.0,35.96,46.85,-16.49,-0.459
billing.back_office,seasonal_naive,medium_term,984,518402.0,37.34,49.16,-11.9,-0.319
billing.back_office,decomposition,in_week,110,57297.0,22.16,38.98,-10.48,-0.473
billing.back_office,decomposition,short_term,327,181608.0,23.0,36.6,-17.24,-0.75
billing.back_office,decomposition,medium_term,984,518402.0,21.93,36.78,-14.76,-0.673
billing.back_office,ridge_log,in_week,110,57297.0,19.89,35.89,-10.52,-0.529
billing.back_office,ridge_log,short_term,327,181608.0,21.02,35.45,-13.66,-0.65
billing.back_office,ridge_log,medium_term,984,518402.0,20.13,35.16,-12.28,-0.61
