line_key,weekday,interval,interval_start,share
billing.voice,0,16,08:00,0.018112
billing.voice,0,17,08:30,0.052578
billing.voice,0,18,09:00,0.072579
billing.voice,0,19,09:30,0.086711
billing.voice,0,20,10:00,0.089916
billing.voice,0,21,10:30,0.081564
billing.voice,0,22,11:00,0.065778
billing.voice,0,23,11:30,0.047257
billing.voice,0,24,12:00,0.028254
billing.voice,0,25,12:30,0.017711
billing.voice,0,26,13:00,0.028833
billing.voice,0,27,13:30,0.052316
billing.voice,0,28,14:00,0.068667
billing.voice,0,29,14:30,0.07327
billing.voice,0,30,15:00,0.06876
billing.voice,0,31,15:30,0.057819
billing.voice,0,32,16:00,0.043641
billing.voice,0,33,16:30,0.029564
billing.voice,0,34,17:00,0.010785
billing.voice,0,35,17:30,0.005885
billing.voice,1,16,08:00,0.018112
billing.voice,1,17,08:30,0.052578
billing.voice,1,18,09:00,0.072579
billing.voice,1,19,09:30,0.086711
billing.voice,1,20,10:00,0.089916
billing.voice,1,21,10:30,0.081564
billing.voice,1,22,11:00,0.065778
billing.voice,1,23,11:30,0.047257
billing.voice,1,24,12:00,0.028254
billing.voice,1,25,12:30,0.017711
billing.voice,1,26,13:00,0.028833
billing.voice,1,27,13:30,0.052316
billing.voice,1,28,14:00,0.068667
billing.voice,1,29,14:30,0.07327
billing.voice,1,30,15:00,0.06876
billing.voice,1,31,15:30,0.057819
billing.voice,1,32,16:00,0.043641
billing.voice,1,33,16:30,0.029564
billing.voice,1,34,17:00,0.010785
billing.voice,1,35,17:30,0.005885
billing.voice,2,16,08:00,0.018112
billing.voice,2,17,08:30,0.052578
billing.voice,2,18,09:00,0.072579
billing.voice,2,19,09:30,0.086711
billing.voice,2,20,10:00,0.089916
billing.voice,2,21,10:30,0.081564
billing.voice,2,22,11:00,0.065778
billing.voice,2,23,11:30,0.047257
billing.voice,2,24,12:00,0.028254
billing.voice,2,25,12:30,0.017711
billing.voice,2,26,13:00,0.028833
billing.voice,2,27,13:30,0.052316
billing.voice,2,28,14:00,0.068667
billing.voice,2,29,14:30,0.07327
billing.voice,2,30,15:00,0.06876
billing.voice,2,31,15:30,0.057819
billing.voice,2,32,16:00,0.043641
billing.voice,2,33,16:30,0.029564
billing.voice,2,34,17:00,0.010785
billing.voice,2,35,17:30,0.005885
billing.voice,3,16,08:00,0.018112
billing.voice,3,17,08:30,0.052578
billing.voice,3,18,09:00,0.072579
billing.voice,3,19,09:30,0.086711
billing.voice,3,20,10:00,0.089916
billing.voice,3,21,10:30,0.081564
billing.voice,3,22,11:00,0.065778
billing.voice,3,23,11:30,0.047257
billing.voice,3,24,12:00,0.028254
billing.voice,3,25,12:30,0.017711
billing.voice,3,26,13:00,0.028833
billing.voice,3,27,13:30,0.052316
billing.voice,3,28,14:00,0.068667
billing.voice,3,29,14:30,0.07327
billing.voice,3,30,15:00,0.06876
billing.voice,3,31,15:30,0.057819
billing.voice,3,32,16:00,0.043641
billing.voice,3,33,16:30,0.029564
billing.voice,3,34,17:00,0.010785
billing.voice,3,35,17:30,0.005885
billing.voice,4,16,08:00,0.018112
billing.voice,4,17,08:30,0.052578
billing.voice,4,18,09:00,0.072579
billing.voice,4,19,09:30,0.086711
billing.voice,4,20,10:00,0.089916
billing.voice,4,21,10:30,0.081564
billing.voice,4,22,11:00,0.065778
billing.voice,4,23,11:30,0.047257
billing.voice,4,24,12:00,0.028254
billing.voice,4,25,12:30,0.017711
billing.voice,4,26,13:00,0.028833
billing.voice,4,27,13:30,0.052316
billing.voice,4,28,14:00,0.068667
billing.voice,4,29,14:30,0.07327
billing.voice,4,30,15:00,0.06876
billing.voice,4,31,15:30,0.057819
billing.voice,4,32,16:00,0.043641
billing.voice,4,33,16:30,0.029564
billing.voice,4,34,17:00,0.010785
billing.voice,4,35,17:30,0.005885
billing.voice,5,17,08:30,0.054675
billing.voice,5,18,09:00,0.137226
billing.voice,5,19,09:30,0.163945
billing.voice,5,20,10:00,0.170004
billing.voice,5,21,10:30,0.154214
billing.voice,5,22,11:00,0.124366
billing.voice,5,23,11:30,0.089349
billing.voice,5,24,12:00,0.053419
billing.voice,5,25,12:30,0.020092
billing.voice,5,26,13:00,0.032709
billing.webchat,0,16,08:00,0.018112
billing.webchat,0,17,08:30,0.052578
billing.webchat,0,18,09:00,0.072579
billing.webchat,0,19,09:30,0.086711
billing.webchat,0,20,10:00,0.089916
billing.webchat,0,21,10:30,0.081564
billing.webchat,0,22,11:00,0.065778
billing.webchat,0,23,11:30,0.047257
billing.webchat,0,24,12:00,0.028254
billing.webchat,0,25,12:30,0.017711
billing.webchat,0,26,13:00,0.028833
billing.webchat,0,27,13:30,0.052316
billing.webchat,0,28,14:00,0.068667
billing.webchat,0,29,14:30,0.07327
billing.webchat,0,30,15:00,0.06876
billing.webchat,0,31,15:30,0.057819
billing.webchat,0,32,16:00,0.043641
billing.webchat,0,33,16:30,0.029564
billing.webchat,0,34,17:00,0.010785
billing.webchat,0,35,17:30,0.005885
billing.webchat,1,16,08:00,0.018112
billing.webchat,1,17,08:30,0.052578
billing.webchat,1,18,09:00,0.072579
billing.webchat,1,19,09:30,0.086711
billing.webchat,1,20,10:00,0.089916
billing.webchat,1,21,10:30,0.081564
billing.webchat,1,22,11:00,0.065778
billing.webchat,1,23,11:30,0.047257
billing.webchat,1,24,12:00,0.028254
billing.webchat,1,25,12:30,0.017711
billing.webchat,1,26,13:00,0.028833
billing.webchat,1,27,13:30,0.052316
billing.webchat,1,28,14:00,0.068667
billing.webchat,1,29,14:30,0.07327
billing.webchat,1,30,15:00,0.06876
billing.webchat,1,31,15:30,0.057819
billing.webchat,1,32,16:00,0.043641
billing.webchat,1,33,16:30,0.029564
billing.webchat,1,34,17:00,0.010785
billing.webchat,1,35,17:30,0.005885
billing.webchat,2,16,08:00,0.018112
billing.webchat,2,17,08:30,0.052578
billing.webchat,2,18,09:00,0.072579
billing.webchat,2,19,09:30,0.086711
billing.webchat,2,20,10:00,0.089916
billing.webchat,2,21,10:30,0.081564
billing.webchat,2,22,11:00,0.065778
billing.webchat,2,23,11:30,0.047257
billing.webchat,2,24,12:00,0.028254
billing.webchat,2,25,12:30,0.017711
billing.webchat,2,26,13:00,0.028833
billing.webchat,2,27,13:30,0.052316
billing.webchat,2,28,14:00,0.068667
billing.webchat,2,29,14:30,0.07327
billing.webchat,2,30,15:00,0.06876
billing.webchat,2,31,15:30,0.057819
billing.webchat,2,32,16:00,0.043641
billing.webchat,2,33,16:30,0.029564
billing.webchat,2,34,17:00,0.010785
billing.webchat,2,35,17:30,0.005885
billing.webchat,3,16,08:00,0.018112
billing.webchat,3,17,08:30,0.052578
billing.webchat,3,18,09:00,0.072579
billing.webchat,3,19,09:30,0.086711
billing.webchat,3,20,10:00,0.089916
billing.webchat,3,21,10:30,0.081564
billing.webchat,3,22,11:00,0.065778
billing.webchat,3,23,11:30,0.047257
billing.webchat,3,24,12:00,0.028254
billing.webchat,3,25,12:30,0.017711
billing.webchat,3,26,13:00,0.028833
billing.webchat,3,27,13:30,0.052316
billing.webchat,3,28,14:00,0.068667
billing.webchat,3,29,14:30,0.07327
billing.webchat,3,30,15:00,0.06876
billing.webchat,3,31,15:30,0.057819
billing.webchat,3,32,16:00,0.043641
billing.webchat,3,33,16:30,0.029564
billing.webchat,3,34,17:00,0.010785
billing.webchat,3,35,17:30,0.005885
billing.webchat,4,16,08:00,0.018112
billing.webchat,4,17,08:30,0.052578
billing.webchat,4,18,09:00,0.072579
billing.webchat,4,19,09:30,0.086711
billing.webchat,4,20,10:00,0.089916
billing.webchat,4,21,10:30,0.081564
billing.webchat,4,22,11:00,0.065778
billing.webchat,4,23,11:30,0.047257
billing.webchat,4,24,12:00,0.028254
billing.webchat,4,25,12:30,0.017711
billing.webchat,4,26,13:00,0.028833
billing.webchat,4,27,13:30,0.052316
billing.webchat,4,28,14:00,0.068667
billing.webchat,4,29,14:30,0.07327
billing.webchat,4,30,15:00,0.06876
billing.webchat,4,31,15:30,0.057819
billing.webchat,4,32,16:00,0.043641
billing.webchat,4,33,16:30,0.029564
billing.webchat,4,34,17:00,0.010785
billing.webchat,4,35,17:30,0.005885
billing.webchat,5,17,08:30,0.054675
billing.webchat,5,18,09:00,0.137226
billing.webchat,5,19,09:30,0.163945
billing.webchat,5,20,10:00,0.170004
billing.webchat,5,21,10:30,0.154214
billing.webchat,5,22,11:00,0.124366
billing.webchat,5,23,11:30,0.089349
billing.webchat,5,24,12:00,0.053419
billing.webchat,5,25,12:30,0.020092
billing.webchat,5,26,13:00,0.032709
billing.email,0,16,08:00,0.018112
billing.email,0,17,08:30,0.052578
billing.email,0,18,09:00,0.072579
billing.email,0,19,09:30,0.086711
billing.email,0,20,10:00,0.089916
billing.email,0,21,10:30,0.081564
billing.email,0,22,11:00,0.065778
billing.email,0,23,11:30,0.047257
billing.email,0,24,12:00,0.028254
billing.email,0,25,12:30,0.017711
billing.email,0,26,13:00,0.028833
billing.email,0,27,13:30,0.052316
billing.email,0,28,14:00,0.068667
billing.email,0,29,14:30,0.07327
billing.email,0,30,15:00,0.06876
billing.email,0,31,15:30,0.057819
billing.email,0,32,16:00,0.043641
billing.email,0,33,16:30,0.029564
billing.email,0,34,17:00,0.010785
billing.email,0,35,17:30,0.005885
billing.email,1,16,08:00,0.018112
billing.email,1,17,08:30,0.052578
billing.email,1,18,09:00,0.072579
billing.email,1,19,09:30,0.086711
billing.email,1,20,10:00,0.089916
billing.email,1,21,10:30,0.081564
billing.email,1,22,11:00,0.065778
billing.email,1,23,11:30,0.047257
billing.email,1,24,12:00,0.028254
billing.email,1,25,12:30,0.017711
billing.email,1,26,13:00,0.028833
billing.email,1,27,13:30,0.052316
billing.email,1,28,14:00,0.068667
billing.email,1,29,14:30,0.07327
billing.email,1,30,15:00,0.06876
billing.email,1,31,15:30,0.057819
billing.email,1,32,16:00,0.043641
billing.email,1,33,16:30,0.029564
billing.email,1,34,17:00,0.010785
billing.email,1,35,17:30,0.005885
billing.email,2,16,08:00,0.018112
billing.email,2,17,08:30,0.052578
billing.email,2,18,09:00,0.072579
billing.email,2,19,09:30,0.086711
billing.email,2,20,10:00,0.089916
billing.email,2,21,10:30,0.081564
billing.email,2,22,11:00,0.065778
billing.email,2,23,11:30,0.047257
billing.email,2,24,12:00,0.028254
billing.email,2,25,12:30,0.017711
billing.email,2,26,13:00,0.028833
billing.email,2,27,13:30,0.052316
billing.email,2,28,14:00,0.068667
billing.email,2,29,14:30,0.07327
billing.email,2,30,15:00,0.06876
billing.email,2,31,15:30,0.057819
billing.email,2,32,16:00,0.043641
billing.email,2,33,16:30,0.029564
billing.email,2,34,17:00,0.010785
billing.email,2,35,17:30,0.005885
billing.email,3,16,08:00,0.018112
billing.email,3,17,08:30,0.052578
billing.email,3,18,09:00,0.072579
billing.email,3,19,09:30,0.086711
billing.email,3,20,10:00,0.089916
billing.email,3,21,10:30,0.081564
billing.email,3,22,11:00,0.065778
billing.email,3,23,11:30,0.047257
billing.email,3,24,12:00,0.028254
billing.email,3,25,12:30,0.017711
billing.email,3,26,13:00,0.028833
billing.email,3,27,13:30,0.052316
billing.email,3,28,14:00,0.068667
billing.email,3,29,14:30,0.07327
billing.email,3,30,15:00,0.06876
billing.email,3,31,15:30,0.057819
billing.email,3,32,16:00,0.043641
billing.email,3,33,16:30,0.029564
billing.email,3,34,17:00,0.010785
billing.email,3,35,17:30,0.005885
billing.email,4,16,08:00,0.018112
billing.email,4,17,08:30,0.052578
billing.email,4,18,09:00,0.072579
billing.email,4,19,09:30,0.086711
billing.email,4,20,10:00,0.089916
billing.email,4,21,10:30,0.081564
billing.email,4,22,11:00,0.065778
billing.email,4,23,11:30,0.047257
billing.email,4,24,12:00,0.028254
billing.email,4,25,12:30,0.017711
billing.email,4,26,13:00,0.028833
billing.email,4,27,13:30,0.052316
billing.email,4,28,14:00,0.068667
billing.email,4,29,14:30,0.07327
billing.email,4,30,15:00,0.06876
billing.email,4,31,15:30,0.057819
billing.email,4,32,16:00,0.043641
billing.email,4,33,16:30,0.029564
billing.email,4,34,17:00,0.010785
billing.email,4,35,17:30,0.005885
billing.messaging,0,16,08:00,0.018112
billing.messaging,0,17,08:30,0.052578
billing.messaging,0,18,09:00,0.072579
billing.messaging,0,19,09:30,0.086711
billing.messaging,0,20,10:00,0.089916
billing.messaging,0,21,10:30,0.081564
billing.messaging,0,22,11:00,0.065778
billing.messaging,0,23,11:30,0.047257
billing.messaging,0,24,12:00,0.028254
billing.messaging,0,25,12:30,0.017711
billing.messaging,0,26,13:00,0.028833
billing.messaging,0,27,13:30,0.052316
billing.messaging,0,28,14:00,0.068667
billing.messaging,0,29,14:30,0.07327
billing.messaging,0,30,15:00,0.06876
billing.messaging,0,31,15:30,0.057819
billing.messaging,0,32,16:00,0.043641
billing.messaging,0,33,16:30,0.029564
billing.messaging,0,34,17:00,0.010785
billing.messaging,0,35,17:30,0.005885
billing.messaging,1,16,08:00,0.018112
billing.messaging,1,17,08:30,0.052578
billing.messaging,1,18,09:00,0.072579
billing.messaging,1,19,09:30,0.086711
billing.messaging,1,20,10:00,0.089916
billing.messaging,1,21,10:30,0.081564
billing.messaging,1,22,11:00,0.065778
billing.messaging,1,23,11:30,0.047257
billing.messaging,1,24,12:00,0.028254
billing.messaging,1,25,12:30,0.017711
billing.messaging,1,26,13:00,0.028833
billing.messaging,1,27,13:30,0.052316
billing.messaging,1,28,14:00,0.068667
billing.messaging,1,29,14:30,0.07327
billing.messaging,1,30,15:00,0.06876
billing.messaging,1,31,15:30,0.057819
billing.messaging,1,32,16:00,0.043641
billing.messaging,1,33,16:30,0.029564
billing.messaging,1,34,17:00,0.010785
billing.messaging,1,35,17:30,0.005885
billing.messaging,2,16,08:00,0.018112
billing.messaging,2,17,08:30,0.052578
billing.messaging,2,18,09:00,0.072579
billing.messaging,2,19,09:30,0.086711
billing.messaging,2,20,10:00,0.089916
billing.messaging,2,21,10:30,0.081564
billing.messaging,2,22,11:00,0.065778
billing.messaging,2,23,11:30,0.047257
billing.messaging,2,24,12:00,0.028254
billing.messaging,2,25,12:30,0.017711
billing.messaging,2,26,13:00,0.028833
billing.messaging,2,27,13:30,0.052316
billing.messaging,2,28,14:00,0.068667
billing.messaging,2,29,14:30,0.07327
billing.messaging,2,30,15:00,0.06876
billing.messaging,2,31,15:30,0.057819
billing.messaging,2,32,16:00,0.043641
billing.messaging,2,33,16:30,0.029564
billing.messaging,2,34,17:00,0.010785
billing.messaging,2,35,17:30,0.005885
billing.messaging,3,16,08:00,0.018112
billing.messaging,3,17,08:30,0.052578
billing.messaging,3,18,09:00,0.072579
billing.messaging,3,19,09:30,0.086711
billing.messaging,3,20,10:00,0.089916
billing.messaging,3,21,10:30,0.081564
billing.messaging,3,22,11:00,0.065778
billing.messaging,3,23,11:30,0.047257
billing.messaging,3,24,12:00,0.028254
billing.messaging,3,25,12:30,0.017711
billing.messaging,3,26,13:00,0.028833
billing.messaging,3,27,13:30,0.052316
billing.messaging,3,28,14:00,0.068667
billing.messaging,3,29,14:30,0.07327
billing.messaging,3,30,15:00,0.06876
billing.messaging,3,31,15:30,0.057819
billing.messaging,3,32,16:00,0.043641
billing.messaging,3,33,16:30,0.029564
billing.messaging,3,34,17:00,0.010785
billing.messaging,3,35,17:30,0.005885
billing.messaging,4,16,08:00,0.018112
billing.messaging,4,17,08:30,0.052578
billing.messaging,4,18,09:00,0.072579
billing.messaging,4,19,09:30,0.086711
billing.messaging,4,20,10:00,0.089916
billing.messaging,4,21,10:30,0.081564
billing.messaging,4,22,11:00,0.065778
billing.messaging,4,23,11:30,0.047257
billing.messaging,4,24,12:00,0.028254
billing.messaging,4,25,12:30,0.017711
billing.messaging,4,26,13:00,0.028833
billing.messaging,4,27,13:30,0.052316
billing.messaging,4,28,14:00,0.068667
billing.messaging,4,29,14:30,0.07327
billing.messaging,4,30,15:00,0.06876
billing.messaging,4,31,15:30,0.057819
billing.messaging,4,32,16:00,0.043641
billing.messaging,4,33,16:30,0.029564
billing.messaging,4,34,17:00,0.010785
billing.messaging,4,35,17:30,0.005885
billing.messaging,5,17,08:30,0.054675
billing.messaging,5,18,09:00,0.137226
billing.messaging,5,19,09:30,0.163945
billing.messaging,5,20,10:00,0.170004
billing.messaging,5,21,10:30,0.154214
billing.messaging,5,22,11:00,0.124366
billing.messaging,5,23,11:30,0.089349
billing.messaging,5,24,12:00,0.053419
billing.messaging,5,25,12:30,0.020092
billing.messaging,5,26,13:00,0.032709
metering.voice,0,16,08:00,0.018112
metering.voice,0,17,08:30,0.052578
metering.voice,0,18,09:00,0.072579
metering.voice,0,19,09:30,0.086711
metering.voice,0,20,10:00,0.089916
metering.voice,0,21,10:30,0.081564
metering.voice,0,22,11:00,0.065778
metering.voice,0,23,11:30,0.047257
metering.voice,0,24,12:00,0.028254
metering.voice,0,25,12:30,0.017711
metering.voice,0,26,13:00,0.028833
metering.voice,0,27,13:30,0.052316
metering.voice,0,28,14:00,0.068667
metering.voice,0,29,14:30,0.07327
metering.voice,0,30,15:00,0.06876
metering.voice,0,31,15:30,0.057819
metering.voice,0,32,16:00,0.043641
metering.voice,0,33,16:30,0.029564
metering.voice,0,34,17:00,0.010785
metering.voice,0,35,17:30,0.005885
metering.voice,1,16,08:00,0.018112
metering.voice,1,17,08:30,0.052578
metering.voice,1,18,09:00,0.072579
metering.voice,1,19,09:30,0.086711
metering.voice,1,20,10:00,0.089916
metering.voice,1,21,10:30,0.081564
metering.voice,1,22,11:00,0.065778
metering.voice,1,23,11:30,0.047257
metering.voice,1,24,12:00,0.028254
metering.voice,1,25,12:30,0.017711
metering.voice,1,26,13:00,0.028833
metering.voice,1,27,13:30,0.052316
metering.voice,1,28,14:00,0.068667
metering.voice,1,29,14:30,0.07327
metering.voice,1,30,15:00,0.06876
metering.voice,1,31,15:30,0.057819
metering.voice,1,32,16:00,0.043641
metering.voice,1,33,16:30,0.029564
metering.voice,1,34,17:00,0.010785
metering.voice,1,35,17:30,0.005885
metering.voice,2,16,08:00,0.018112
metering.voice,2,17,08:30,0.052578
metering.voice,2,18,09:00,0.072579
metering.voice,2,19,09:30,0.086711
metering.voice,2,20,10:00,0.089916
metering.voice,2,21,10:30,0.081564
metering.voice,2,22,11:00,0.065778
metering.voice,2,23,11:30,0.047257
metering.voice,2,24,12:00,0.028254
metering.voice,2,25,12:30,0.017711
metering.voice,2,26,13:00,0.028833
metering.voice,2,27,13:30,0.052316
metering.voice,2,28,14:00,0.068667
metering.voice,2,29,14:30,0.07327
metering.voice,2,30,15:00,0.06876
metering.voice,2,31,15:30,0.057819
metering.voice,2,32,16:00,0.043641
metering.voice,2,33,16:30,0.029564
metering.voice,2,34,17:00,0.010785
metering.voice,2,35,17:30,0.005885
metering.voice,3,16,08:00,0.018112
metering.voice,3,17,08:30,0.052578
metering.voice,3,18,09:00,0.072579
metering.voice,3,19,09:30,0.086711
metering.voice,3,20,10:00,0.089916
metering.voice,3,21,10:30,0.081564
metering.voice,3,22,11:00,0.065778
metering.voice,3,23,11:30,0.047257
metering.voice,3,24,12:00,0.028254
metering.voice,3,25,12:30,0.017711
metering.voice,3,26,13:00,0.028833
metering.voice,3,27,13:30,0.052316
metering.voice,3,28,14:00,0.068667
metering.voice,3,29,14:30,0.07327
metering.voice,3,30,15:00,0.06876
metering.voice,3,31,15:30,0.057819
metering.voice,3,32,16:00,0.043641
metering.voice,3,33,16:30,0.029564
metering.voice,3,34,17:00,0.010785
metering.voice,3,35,17:30,0.005885
metering.voice,4,16,08:00,0.018112
metering.voice,4,17,08:30,0.052578
metering.voice,4,18,09:00,0.072579
metering.voice,4,19,09:30,0.086711
metering.voice,4,20,10:00,0.089916
metering.voice,4,21,10:30,0.081564
metering.voice,4,22,11:00,0.065778
metering.voice,4,23,11:30,0.047257
metering.voice,4,24,12:00,0.028254
metering.voice,4,25,12:30,0.017711
metering.voice,4,26,13:00,0.028833
metering.voice,4,27,13:30,0.052316
metering.voice,4,28,14:00,0.068667
metering.voice,4,29,14:30,0.07327
metering.voice,4,30,15:00,0.06876
metering.voice,4,31,15:30,0.057819
metering.voice,4,32,16:00,0.043641
metering.voice,4,33,16:30,0.029564
metering.voice,4,34,17:00,0.010785
metering.voice,4,35,17:30,0.005885
metering.voice,5,17,08:30,0.054675
metering.voice,5,18,09:00,0.137226
metering.voice,5,19,09:30,0.163945
metering.voice,5,20,10:00,0.170004
metering.voice,5,21,10:30,0.154214
metering.voice,5,22,11:00,0.124366
metering.voice,5,23,11:30,0.089349
metering.voice,5,24,12:00,0.053419
metering.voice,5,25,12:30,0.020092
metering.voice,5,26,13:00,0.032709
metering.email,0,16,08:00,0.018112
metering.email,0,17,08:30,0.052578
metering.email,0,18,09:00,0.072579
metering.email,0,19,09:30,0.086711
metering.email,0,20,10:00,0.089916
metering.email,0,21,10:30,0.081564
metering.email,0,22,11:00,0.065778
metering.email,0,23,11:30,0.047257
metering.email,0,24,12:00,0.028254
metering.email,0,25,12:30,0.017711
metering.email,0,26,13:00,0.028833
metering.email,0,27,13:30,0.052316
metering.email,0,28,14:00,0.068667
metering.email,0,29,14:30,0.07327
metering.email,0,30,15:00,0.06876
metering.email,0,31,15:30,0.057819
metering.email,0,32,16:00,0.043641
metering.email,0,33,16:30,0.029564
metering.email,0,34,17:00,0.010785
metering.email,0,35,17:30,0.005885
metering.email,1,16,08:00,0.018112
metering.email,1,17,08:30,0.052578
metering.email,1,18,09:00,0.072579
metering.email,1,19,09:30,0.086711
metering.email,1,20,10:00,0.089916
metering.email,1,21,10:30,0.081564
metering.email,1,22,11:00,0.065778
metering.email,1,23,11:30,0.047257
metering.email,1,24,12:00,0.028254
metering.email,1,25,12:30,0.017711
metering.email,1,26,13:00,0.028833
metering.email,1,27,13:30,0.052316
metering.email,1,28,14:00,0.068667
metering.email,1,29,14:30,0.07327
metering.email,1,30,15:00,0.06876
metering.email,1,31,15:30,0.057819
metering.email,1,32,16:00,0.043641
metering.email,1,33,16:30,0.029564
metering.email,1,34,17:00,0.010785
metering.email,1,35,17:30,0.005885
metering.email,2,16,08:00,0.018112
metering.email,2,17,08:30,0.052578
metering.email,2,18,09:00,0.072579
metering.email,2,19,09:30,0.086711
metering.email,2,20,10:00,0.089916
metering.email,2,21,10:30,0.081564
metering.email,2,22,11:00,0.065778
metering.email,2,23,11:30,0.047257
metering.email,2,24,12:00,0.028254
metering.email,2,25,12:30,0.017711
metering.email,2,26,13:00,0.028833
metering.email,2,27,13:30,0.052316
metering.email,2,28,14:00,0.068667
metering.email,2,29,14:30,0.07327
metering.email,2,30,15:00,0.06876
metering.email,2,31,15:30,0.057819
metering.email,2,32,16:00,0.043641
metering.email,2,33,16:30,0.029564
metering.email,2,34,17:00,0.010785
metering.email,2,35,17:30,0.005885
metering.email,3,16,08:00,0.018112
metering.email,3,17,08:30,0.052578
metering.email,3,18,09:00,0.072579
metering.email,3,19,09:30,0.086711
metering.email,3,20,10:00,0.089916
metering.email,3,21,10:30,0.081564
metering.email,3,22,11:00,0.065778
metering.email,3,23,11:30,0.047257
metering.email,3,24,12:00,0.028254
metering.email,3,25,12:30,0.017711
metering.email,3,26,13:00,0.028833
metering.email,3,27,13:30,0.052316
metering.email,3,28,14:00,0.068667
metering.email,3,29,14:30,0.07327
metering.email,3,30,15:00,0.06876
metering.email,3,31,15:30,0.057819
metering.email,3,32,16:00,0.043641
metering.email,3,33,16:30,0.029564
metering.email,3,34,17:00,0.010785
metering.email,3,35,17:30,0.005885
metering.email,4,16,08:00,0.018112
metering.email,4,17,08:30,0.052578
metering.email,4,18,09:00,0.072579
metering.email,4,19,09:30,0.086711
metering.email,4,20,10:00,0.089916
metering.email,4,21,10:30,0.081564
metering.email,4,22,11:00,0.065778
metering.email,4,23,11:30,0.047257
metering.email,4,24,12:00,0.028254
metering.email,4,25,12:30,0.017711
metering.email,4,26,13:00,0.028833
metering.email,4,27,13:30,0.052316
metering.email,4,28,14:00,0.068667
metering.email,4,29,14:30,0.07327
metering.email,4,30,15:00,0.06876
metering.email,4,31,15:30,0.057819
metering.email,4,32,16:00,0.043641
metering.email,4,33,16:30,0.029564
metering.email,4,34,17:00,0.010785
metering.email,4,35,17:30,0.005885
operations.voice,0,0,00:00,0.003052
operations.voice,0,1,00:30,0.003052
operations.voice,0,2,01:00,0.003052
operations.voice,0,3,01:30,0.003052
operations.voice,0,4,02:00,0.003052
operations.voice,0,5,02:30,0.003052
operations.voice,0,6,03:00,0.003052
operations.voice,0,7,03:30,0.003053
operations.voice,0,8,04:00,0.003059
operations.voice,0,9,04:30,0.003117
operations.voice,0,10,05:00,0.003527
operations.voice,0,11,05:30,0.005407
operations.voice,0,12,06:00,0.010723
operations.voice,0,13,06:30,0.019483
operations.voice,0,14,07:00,0.027049
operations.voice,0,15,07:30,0.029809
operations.voice,0,16,08:00,0.031795
operations.voice,0,17,08:30,0.038459
operations.voice,0,18,09:00,0.048659
operations.voice,0,19,09:30,0.056904
operations.voice,0,20,10:00,0.058817
operations.voice,0,21,10:30,0.053632
operations.voice,0,22,11:00,0.043843
operations.voice,0,23,11:30,0.032361
operations.voice,0,24,12:00,0.020586
operations.voice,0,25,12:30,0.014073
operations.voice,0,26,13:00,0.021032
operations.voice,0,27,13:30,0.035737
operations.voice,0,28,14:00,0.046173
operations.voice,0,29,14:30,0.049588
operations.voice,0,30,15:00,0.047747
operations.voice,0,31,15:30,0.042428
operations.voice,0,32,16:00,0.035645
operations.voice,0,33,16:30,0.02935
operations.voice,0,34,17:00,0.024714
operations.voice,0,35,17:30,0.021862
operations.voice,0,36,18:00,0.020156
operations.voice,0,37,18:30,0.018734
operations.voice,0,38,19:00,0.016977
operations.voice,0,39,19:30,0.014704
operations.voice,0,40,20:00,0.012104
operations.voice,0,41,20:30,0.009536
operations.voice,0,42,21:00,0.00732
operations.voice,0,43,21:30,0.00563
operations.voice,0,44,22:00,0.00448
operations.voice,0,45,22:30,0.003778
operations.voice,0,46,23:00,0.00339
operations.voice,0,47,23:30,0.003197
operations.voice,1,0,00:00,0.003052
operations.voice,1,1,00:30,0.003052
operations.voice,1,2,01:00,0.003052
operations.voice,1,3,01:30,0.003052
operations.voice,1,4,02:00,0.003052
operations.voice,1,5,02:30,0.003052
operations.voice,1,6,03:00,0.003052
operations.voice,1,7,03:30,0.003053
operations.voice,1,8,04:00,0.003059
operations.voice,1,9,04:30,0.003117
operations.voice,1,10,05:00,0.003527
operations.voice,1,11,05:30,0.005407
operations.voice,1,12,06:00,0.010723
operations.voice,1,13,06:30,0.019483
operations.voice,1,14,07:00,0.027049
operations.voice,1,15,07:30,0.029809
operations.voice,1,16,08:00,0.031795
operations.voice,1,17,08:30,0.038459
operations.voice,1,18,09:00,0.048659
operations.voice,1,19,09:30,0.056904
operations.voice,1,20,10:00,0.058817
operations.voice,1,21,10:30,0.053632
operations.voice,1,22,11:00,0.043843
operations.voice,1,23,11:30,0.032361
operations.voice,1,24,12:00,0.020586
operations.voice,1,25,12:30,0.014073
operations.voice,1,26,13:00,0.021032
operations.voice,1,27,13:30,0.035737
operations.voice,1,28,14:00,0.046173
operations.voice,1,29,14:30,0.049588
operations.voice,1,30,15:00,0.047747
operations.voice,1,31,15:30,0.042428
operations.voice,1,32,16:00,0.035645
operations.voice,1,33,16:30,0.02935
operations.voice,1,34,17:00,0.024714
operations.voice,1,35,17:30,0.021862
operations.voice,1,36,18:00,0.020156
operations.voice,1,37,18:30,0.018734
operations.voice,1,38,19:00,0.016977
operations.voice,1,39,19:30,0.014704
operations.voice,1,40,20:00,0.012104
operations.voice,1,41,20:30,0.009536
operations.voice,1,42,21:00,0.00732
operations.voice,1,43,21:30,0.00563
operations.voice,1,44,22:00,0.00448
operations.voice,1,45,22:30,0.003778
operations.voice,1,46,23:00,0.00339
operations.voice,1,47,23:30,0.003197
operations.voice,2,0,00:00,0.003052
operations.voice,2,1,00:30,0.003052
operations.voice,2,2,01:00,0.003052
operations.voice,2,3,01:30,0.003052
operations.voice,2,4,02:00,0.003052
operations.voice,2,5,02:30,0.003052
operations.voice,2,6,03:00,0.003052
operations.voice,2,7,03:30,0.003053
operations.voice,2,8,04:00,0.003059
operations.voice,2,9,04:30,0.003117
operations.voice,2,10,05:00,0.003527
operations.voice,2,11,05:30,0.005407
operations.voice,2,12,06:00,0.010723
operations.voice,2,13,06:30,0.019483
operations.voice,2,14,07:00,0.027049
operations.voice,2,15,07:30,0.029809
operations.voice,2,16,08:00,0.031795
operations.voice,2,17,08:30,0.038459
operations.voice,2,18,09:00,0.048659
operations.voice,2,19,09:30,0.056904
operations.voice,2,20,10:00,0.058817
operations.voice,2,21,10:30,0.053632
operations.voice,2,22,11:00,0.043843
operations.voice,2,23,11:30,0.032361
operations.voice,2,24,12:00,0.020586
operations.voice,2,25,12:30,0.014073
operations.voice,2,26,13:00,0.021032
operations.voice,2,27,13:30,0.035737
operations.voice,2,28,14:00,0.046173
operations.voice,2,29,14:30,0.049588
operations.voice,2,30,15:00,0.047747
operations.voice,2,31,15:30,0.042428
operations.voice,2,32,16:00,0.035645
operations.voice,2,33,16:30,0.02935
operations.voice,2,34,17:00,0.024714
operations.voice,2,35,17:30,0.021862
operations.voice,2,36,18:00,0.020156
operations.voice,2,37,18:30,0.018734
operations.voice,2,38,19:00,0.016977
operations.voice,2,39,19:30,0.014704
operations.voice,2,40,20:00,0.012104
operations.voice,2,41,20:30,0.009536
operations.voice,2,42,21:00,0.00732
operations.voice,2,43,21:30,0.00563
operations.voice,2,44,22:00,0.00448
operations.voice,2,45,22:30,0.003778
operations.voice,2,46,23:00,0.00339
operations.voice,2,47,23:30,0.003197
operations.voice,3,0,00:00,0.003052
operations.voice,3,1,00:30,0.003052
operations.voice,3,2,01:00,0.003052
operations.voice,3,3,01:30,0.003052
operations.voice,3,4,02:00,0.003052
operations.voice,3,5,02:30,0.003052
operations.voice,3,6,03:00,0.003052
operations.voice,3,7,03:30,0.003053
operations.voice,3,8,04:00,0.003059
operations.voice,3,9,04:30,0.003117
operations.voice,3,10,05:00,0.003527
operations.voice,3,11,05:30,0.005407
operations.voice,3,12,06:00,0.010723
operations.voice,3,13,06:30,0.019483
operations.voice,3,14,07:00,0.027049
operations.voice,3,15,07:30,0.029809
operations.voice,3,16,08:00,0.031795
operations.voice,3,17,08:30,0.038459
operations.voice,3,18,09:00,0.048659
operations.voice,3,19,09:30,0.056904
operations.voice,3,20,10:00,0.058817
operations.voice,3,21,10:30,0.053632
operations.voice,3,22,11:00,0.043843
operations.voice,3,23,11:30,0.032361
operations.voice,3,24,12:00,0.020586
operations.voice,3,25,12:30,0.014073
operations.voice,3,26,13:00,0.021032
operations.voice,3,27,13:30,0.035737
operations.voice,3,28,14:00,0.046173
operations.voice,3,29,14:30,0.049588
operations.voice,3,30,15:00,0.047747
operations.voice,3,31,15:30,0.042428
operations.voice,3,32,16:00,0.035645
operations.voice,3,33,16:30,0.02935
operations.voice,3,34,17:00,0.024714
operations.voice,3,35,17:30,0.021862
operations.voice,3,36,18:00,0.020156
operations.voice,3,37,18:30,0.018734
operations.voice,3,38,19:00,0.016977
operations.voice,3,39,19:30,0.014704
operations.voice,3,40,20:00,0.012104
operations.voice,3,41,20:30,0.009536
operations.voice,3,42,21:00,0.00732
operations.voice,3,43,21:30,0.00563
operations.voice,3,44,22:00,0.00448
operations.voice,3,45,22:30,0.003778
operations.voice,3,46,23:00,0.00339
operations.voice,3,47,23:30,0.003197
operations.voice,4,0,00:00,0.003052
operations.voice,4,1,00:30,0.003052
operations.voice,4,2,01:00,0.003052
operations.voice,4,3,01:30,0.003052
operations.voice,4,4,02:00,0.003052
operations.voice,4,5,02:30,0.003052
operations.voice,4,6,03:00,0.003052
operations.voice,4,7,03:30,0.003053
operations.voice,4,8,04:00,0.003059
operations.voice,4,9,04:30,0.003117
operations.voice,4,10,05:00,0.003527
operations.voice,4,11,05:30,0.005407
operations.voice,4,12,06:00,0.010723
operations.voice,4,13,06:30,0.019483
operations.voice,4,14,07:00,0.027049
operations.voice,4,15,07:30,0.029809
operations.voice,4,16,08:00,0.031795
operations.voice,4,17,08:30,0.038459
operations.voice,4,18,09:00,0.048659
operations.voice,4,19,09:30,0.056904
operations.voice,4,20,10:00,0.058817
operations.voice,4,21,10:30,0.053632
operations.voice,4,22,11:00,0.043843
operations.voice,4,23,11:30,0.032361
operations.voice,4,24,12:00,0.020586
operations.voice,4,25,12:30,0.014073
operations.voice,4,26,13:00,0.021032
operations.voice,4,27,13:30,0.035737
operations.voice,4,28,14:00,0.046173
operations.voice,4,29,14:30,0.049588
operations.voice,4,30,15:00,0.047747
operations.voice,4,31,15:30,0.042428
operations.voice,4,32,16:00,0.035645
operations.voice,4,33,16:30,0.02935
operations.voice,4,34,17:00,0.024714
operations.voice,4,35,17:30,0.021862
operations.voice,4,36,18:00,0.020156
operations.voice,4,37,18:30,0.018734
operations.voice,4,38,19:00,0.016977
operations.voice,4,39,19:30,0.014704
operations.voice,4,40,20:00,0.012104
operations.voice,4,41,20:30,0.009536
operations.voice,4,42,21:00,0.00732
operations.voice,4,43,21:30,0.00563
operations.voice,4,44,22:00,0.00448
operations.voice,4,45,22:30,0.003778
operations.voice,4,46,23:00,0.00339
operations.voice,4,47,23:30,0.003197
operations.voice,5,0,00:00,0.003052
operations.voice,5,1,00:30,0.003052
operations.voice,5,2,01:00,0.003052
operations.voice,5,3,01:30,0.003052
operations.voice,5,4,02:00,0.003052
operations.voice,5,5,02:30,0.003052
operations.voice,5,6,03:00,0.003052
operations.voice,5,7,03:30,0.003053
operations.voice,5,8,04:00,0.003059
operations.voice,5,9,04:30,0.003117
operations.voice,5,10,05:00,0.003527
operations.voice,5,11,05:30,0.005407
operations.voice,5,12,06:00,0.010723
operations.voice,5,13,06:30,0.019483
operations.voice,5,14,07:00,0.027049
operations.voice,5,15,07:30,0.029809
operations.voice,5,16,08:00,0.031795
operations.voice,5,17,08:30,0.038459
operations.voice,5,18,09:00,0.048659
operations.voice,5,19,09:30,0.056904
operations.voice,5,20,10:00,0.058817
operations.voice,5,21,10:30,0.053632
operations.voice,5,22,11:00,0.043843
operations.voice,5,23,11:30,0.032361
operations.voice,5,24,12:00,0.020586
operations.voice,5,25,12:30,0.014073
operations.voice,5,26,13:00,0.021032
operations.voice,5,27,13:30,0.035737
operations.voice,5,28,14:00,0.046173
operations.voice,5,29,14:30,0.049588
operations.voice,5,30,15:00,0.047747
operations.voice,5,31,15:30,0.042428
operations.voice,5,32,16:00,0.035645
operations.voice,5,33,16:30,0.02935
operations.voice,5,34,17:00,0.024714
operations.voice,5,35,17:30,0.021862
operations.voice,5,36,18:00,0.020156
operations.voice,5,37,18:30,0.018734
operations.voice,5,38,19:00,0.016977
operations.voice,5,39,19:30,0.014704
operations.voice,5,40,20:00,0.012104
operations.voice,5,41,20:30,0.009536
operations.voice,5,42,21:00,0.00732
operations.voice,5,43,21:30,0.00563
operations.voice,5,44,22:00,0.00448
operations.voice,5,45,22:30,0.003778
operations.voice,5,46,23:00,0.00339
operations.voice,5,47,23:30,0.003197
operations.voice,6,0,00:00,0.003052
operations.voice,6,1,00:30,0.003052
operations.voice,6,2,01:00,0.003052
operations.voice,6,3,01:30,0.003052
operations.voice,6,4,02:00,0.003052
operations.voice,6,5,02:30,0.003052
operations.voice,6,6,03:00,0.003052
operations.voice,6,7,03:30,0.003053
operations.voice,6,8,04:00,0.003059
operations.voice,6,9,04:30,0.003117
operations.voice,6,10,05:00,0.003527
operations.voice,6,11,05:30,0.005407
operations.voice,6,12,06:00,0.010723
operations.voice,6,13,06:30,0.019483
operations.voice,6,14,07:00,0.027049
operations.voice,6,15,07:30,0.029809
operations.voice,6,16,08:00,0.031795
operations.voice,6,17,08:30,0.038459
operations.voice,6,18,09:00,0.048659
operations.voice,6,19,09:30,0.056904
operations.voice,6,20,10:00,0.058817
operations.voice,6,21,10:30,0.053632
operations.voice,6,22,11:00,0.043843
operations.voice,6,23,11:30,0.032361
operations.voice,6,24,12:00,0.020586
operations.voice,6,25,12:30,0.014073
operations.voice,6,26,13:00,0.021032
operations.voice,6,27,13:30,0.035737
operations.voice,6,28,14:00,0.046173
operations.voice,6,29,14:30,0.049588
operations.voice,6,30,15:00,0.047747
operations.voice,6,31,15:30,0.042428
operations.voice,6,32,16:00,0.035645
operations.voice,6,33,16:30,0.02935
operations.voice,6,34,17:00,0.024714
operations.voice,6,35,17:30,0.021862
operations.voice,6,36,18:00,0.020156
operations.voice,6,37,18:30,0.018734
operations.voice,6,38,19:00,0.016977
operations.voice,6,39,19:30,0.014704
operations.voice,6,40,20:00,0.012104
operations.voice,6,41,20:30,0.009536
operations.voice,6,42,21:00,0.00732
operations.voice,6,43,21:30,0.00563
operations.voice,6,44,22:00,0.00448
operations.voice,6,45,22:30,0.003778
operations.voice,6,46,23:00,0.00339
operations.voice,6,47,23:30,0.003197
operations.messaging,0,0,00:00,0.003052
operations.messaging,0,1,00:30,0.003052
operations.messaging,0,2,01:00,0.003052
operations.messaging,0,3,01:30,0.003052
operations.messaging,0,4,02:00,0.003052
operations.messaging,0,5,02:30,0.003052
operations.messaging,0,6,03:00,0.003052
operations.messaging,0,7,03:30,0.003053
operations.messaging,0,8,04:00,0.003059
operations.messaging,0,9,04:30,0.003117
operations.messaging,0,10,05:00,0.003527
operations.messaging,0,11,05:30,0.005407
operations.messaging,0,12,06:00,0.010723
operations.messaging,0,13,06:30,0.019483
operations.messaging,0,14,07:00,0.027049
operations.messaging,0,15,07:30,0.029809
operations.messaging,0,16,08:00,0.031795
operations.messaging,0,17,08:30,0.038459
operations.messaging,0,18,09:00,0.048659
operations.messaging,0,19,09:30,0.056904
operations.messaging,0,20,10:00,0.058817
operations.messaging,0,21,10:30,0.053632
operations.messaging,0,22,11:00,0.043843
operations.messaging,0,23,11:30,0.032361
operations.messaging,0,24,12:00,0.020586
operations.messaging,0,25,12:30,0.014073
operations.messaging,0,26,13:00,0.021032
operations.messaging,0,27,13:30,0.035737
operations.messaging,0,28,14:00,0.046173
operations.messaging,0,29,14:30,0.049588
operations.messaging,0,30,15:00,0.047747
operations.messaging,0,31,15:30,0.042428
operations.messaging,0,32,16:00,0.035645
operations.messaging,0,33,16:30,0.02935
operations.messaging,0,34,17:00,0.024714
operations.messaging,0,35,17:30,0.021862
operations.messaging,0,36,18:00,0.020156
operations.messaging,0,37,18:30,0.018734
operations.messaging,0,38,19:00,0.016977
operations.messaging,0,39,19:30,0.014704
operations.messaging,0,40,20:00,0.012104
operations.messaging,0,41,20:30,0.009536
operations.messaging,0,42,21:00,0.00732
operations.messaging,0,43,21:30,0.00563
operations.messaging,0,44,22:00,0.00448
operations.messaging,0,45,22:30,0.003778
operations.messaging,0,46,23:00,0.00339
operations.messaging,0,47,23:30,0.003197
operations.messaging,1,0,00:00,0.003052
operations.messaging,1,1,00:30,0.003052
operations.messaging,1,2,01:00,0.003052
operations.messaging,1,3,01:30,0.003052
operations.messaging,1,4,02:00,0.003052
operations.messaging,1,5,02:30,0.003052
operations.messaging,1,6,03:00,0.003052
operations.messaging,1,7,03:30,0.003053
operations.messaging,1,8,04:00,0.003059
operations.messaging,1,9,04:30,0.003117
operations.messaging,1,10,05:00,0.003527
operations.messaging,1,11,05:30,0.005407
operations.messaging,1,12,06:00,0.010723
operations.messaging,1,13,06:30,0.019483
operations.messaging,1,14,07:00,0.027049
operations.messaging,1,15,07:30,0.029809
operations.messaging,1,16,08:00,0.031795
operations.messaging,1,17,08:30,0.038459
operations.messaging,1,18,09:00,0.048659
operations.messaging,1,19,09:30,0.056904
operations.messaging,1,20,10:00,0.058817
operations.messaging,1,21,10:30,0.053632
operations.messaging,1,22,11:00,0.043843
operations.messaging,1,23,11:30,0.032361
operations.messaging,1,24,12:00,0.020586
operations.messaging,1,25,12:30,0.014073
operations.messaging,1,26,13:00,0.021032
operations.messaging,1,27,13:30,0.035737
operations.messaging,1,28,14:00,0.046173
operations.messaging,1,29,14:30,0.049588
operations.messaging,1,30,15:00,0.047747
operations.messaging,1,31,15:30,0.042428
operations.messaging,1,32,16:00,0.035645
operations.messaging,1,33,16:30,0.02935
operations.messaging,1,34,17:00,0.024714
operations.messaging,1,35,17:30,0.021862
operations.messaging,1,36,18:00,0.020156
operations.messaging,1,37,18:30,0.018734
operations.messaging,1,38,19:00,0.016977
operations.messaging,1,39,19:30,0.014704
operations.messaging,1,40,20:00,0.012104
operations.messaging,1,41,20:30,0.009536
operations.messaging,1,42,21:00,0.00732
operations.messaging,1,43,21:30,0.00563
operations.messaging,1,44,22:00,0.00448
operations.messaging,1,45,22:30,0.003778
operations.messaging,1,46,23:00,0.00339
operations.messaging,1,47,23:30,0.003197
operations.messaging,2,0,00:00,0.003052
operations.messaging,2,1,00:30,0.003052
operations.messaging,2,2,01:00,0.003052
operations.messaging,2,3,01:30,0.003052
operations.messaging,2,4,02:00,0.003052
operations.messaging,2,5,02:30,0.003052
operations.messaging,2,6,03:00,0.003052
operations.messaging,2,7,03:30,0.003053
operations.messaging,2,8,04:00,0.003059
operations.messaging,2,9,04:30,0.003117
operations.messaging,2,10,05:00,0.003527
operations.messaging,2,11,05:30,0.005407
operations.messaging,2,12,06:00,0.010723
operations.messaging,2,13,06:30,0.019483
operations.messaging,2,14,07:00,0.027049
operations.messaging,2,15,07:30,0.029809
operations.messaging,2,16,08:00,0.031795
operations.messaging,2,17,08:30,0.038459
operations.messaging,2,18,09:00,0.048659
operations.messaging,2,19,09:30,0.056904
operations.messaging,2,20,10:00,0.058817
operations.messaging,2,21,10:30,0.053632
operations.messaging,2,22,11:00,0.043843
operations.messaging,2,23,11:30,0.032361
operations.messaging,2,24,12:00,0.020586
operations.messaging,2,25,12:30,0.014073
operations.messaging,2,26,13:00,0.021032
operations.messaging,2,27,13:30,0.035737
operations.messaging,2,28,14:00,0.046173
operations.messaging,2,29,14:30,0.049588
operations.messaging,2,30,15:00,0.047747
operations.messaging,2,31,15:30,0.042428
operations.messaging,2,32,16:00,0.035645
operations.messaging,2,33,16:30,0.02935
operations.messaging,2,34,17:00,0.024714
operations.messaging,2,35,17:30,0.021862
operations.messaging,2,36,18:00,0.020156
operations.messaging,2,37,18:30,0.018734
operations.messaging,2,38,19:00,0.016977
operations.messaging,2,39,19:30,0.014704
operations.messaging,2,40,20:00,0.012104
operations.messaging,2,41,20:30,0.009536
operations.messaging,2,42,21:00,0.00732
operations.messaging,2,43,21:30,0.00563
operations.messaging,2,44,22:00,0.00448
operations.messaging,2,45,22:30,0.003778
operations.messaging,2,46,23:00,0.00339
operations.messaging,2,47,23:30,0.003197
operations.messaging,3,0,00:00,0.003052
operations.messaging,3,1,00:30,0.003052
operations.messaging,3,2,01:00,0.003052
operations.messaging,3,3,01:30,0.003052
operations.messaging,3,4,02:00,0.003052
operations.messaging,3,5,02:30,0.003052
operations.messaging,3,6,03:00,0.003052
operations.messaging,3,7,03:30,0.003053
operations.messaging,3,8,04:00,0.003059
operations.messaging,3,9,04:30,0.003117
operations.messaging,3,10,05:00,0.003527
operations.messaging,3,11,05:30,0.005407
operations.messaging,3,12,06:00,0.010723
operations.messaging,3,13,06:30,0.019483
operations.messaging,3,14,07:00,0.027049
operations.messaging,3,15,07:30,0.029809
operations.messaging,3,16,08:00,0.031795
operations.messaging,3,17,08:30,0.038459
operations.messaging,3,18,09:00,0.048659
operations.messaging,3,19,09:30,0.056904
operations.messaging,3,20,10:00,0.058817
operations.messaging,3,21,10:30,0.053632
operations.messaging,3,22,11:00,0.043843
operations.messaging,3,23,11:30,0.032361
operations.messaging,3,24,12:00,0.020586
operations.messaging,3,25,12:30,0.014073
operations.messaging,3,26,13:00,0.021032
operations.messaging,3,27,13:30,0.035737
operations.messaging,3,28,14:00,0.046173
operations.messaging,3,29,14:30,0.049588
operations.messaging,3,30,15:00,0.047747
operations.messaging,3,31,15:30,0.042428
operations.messaging,3,32,16:00,0.035645
operations.messaging,3,33,16:30,0.02935
operations.messaging,3,34,17:00,0.024714
operations.messaging,3,35,17:30,0.021862
operations.messaging,3,36,18:00,0.020156
operations.messaging,3,37,18:30,0.018734
operations.messaging,3,38,19:00,0.016977
operations.messaging,3,39,19:30,0.014704
operations.messaging,3,40,20:00,0.012104
operations.messaging,3,41,20:30,0.009536
operations.messaging,3,42,21:00,0.00732
operations.messaging,3,43,21:30,0.00563
operations.messaging,3,44,22:00,0.00448
operations.messaging,3,45,22:30,0.003778
operations.messaging,3,46,23:00,0.00339
operations.messaging,3,47,23:30,0.003197
operations.messaging,4,0,00:00,0.003052
operations.messaging,4,1,00:30,0.003052
operations.messaging,4,2,01:00,0.003052
operations.messaging,4,3,01:30,0.003052
operations.messaging,4,4,02:00,0.003052
operations.messaging,4,5,02:30,0.003052
operations.messaging,4,6,03:00,0.003052
operations.messaging,4,7,03:30,0.003053
operations.messaging,4,8,04:00,0.003059
operations.messaging,4,9,04:30,0.003117
operations.messaging,4,10,05:00,0.003527
operations.messaging,4,11,05:30,0.005407
operations.messaging,4,12,06:00,0.010723
operations.messaging,4,13,06:30,0.019483
operations.messaging,4,14,07:00,0.027049
operations.messaging,4,15,07:30,0.029809
operations.messaging,4,16,08:00,0.031795
operations.messaging,4,17,08:30,0.038459
operations.messaging,4,18,09:00,0.048659
operations.messaging,4,19,09:30,0.056904
operations.messaging,4,20,10:00,0.058817
operations.messaging,4,21,10:30,0.053632
operations.messaging,4,22,11:00,0.043843
operations.messaging,4,23,11:30,0.032361
operations.messaging,4,24,12:00,0.020586
operations.messaging,4,25,12:30,0.014073
operations.messaging,4,26,13:00,0.021032
operations.messaging,4,27,13:30,0.035737
operations.messaging,4,28,14:00,0.046173
operations.messaging,4,29,14:30,0.049588
operations.messaging,4,30,15:00,0.047747
operations.messaging,4,31,15:30,0.042428
operations.messaging,4,32,16:00,0.035645
operations.messaging,4,33,16:30,0.02935
operations.messaging,4,34,17:00,0.024714
operations.messaging,4,35,17:30,0.021862
operations.messaging,4,36,18:00,0.020156
operations.messaging,4,37,18:30,0.018734
operations.messaging,4,38,19:00,0.016977
operations.messaging,4,39,19:30,0.014704
operations.messaging,4,40,20:00,0.012104
operations.messaging,4,41,20:30,0.009536
operations.messaging,4,42,21:00,0.00732
operations.messaging,4,43,21:30,0.00563
operations.messaging,4,44,22:00,0.00448
operations.messaging,4,45,22:30,0.003778
operations.messaging,4,46,23:00,0.00339
operations.messaging,4,47,23:30,0.003197
operations.messaging,5,0,00:00,0.003052
operations.messaging,5,1,00:30,0.003052
operations.messaging,5,2,01:00,0.003052
operations.messaging,5,3,01:30,0.003052
operations.messaging,5,4,02:00,0.003052
operations.messaging,5,5,02:30,0.003052
operations.messaging,5,6,03:00,0.003052
operations.messaging,5,7,03:30,0.003053
operations.messaging,5,8,04:00,0.003059
operations.messaging,5,9,04:30,0.003117
operations.messaging,5,10,05:00,0.003527
operations.messaging,5,11,05:30,0.005407
operations.messaging,5,12,06:00,0.010723
operations.messaging,5,13,06:30,0.019483
operations.messaging,5,14,07:00,0.027049
operations.messaging,5,15,07:30,0.029809
operations.messaging,5,16,08:00,0.031795
operations.messaging,5,17,08:30,0.038459
operations.messaging,5,18,09:00,0.048659
operations.messaging,5,19,09:30,0.056904
operations.messaging,5,20,10:00,0.058817
operations.messaging,5,21,10:30,0.053632
operations.messaging,5,22,11:00,0.043843
operations.messaging,5,23,11:30,0.032361
operations.messaging,5,24,12:00,0.020586
operations.messaging,5,25,12:30,0.014073
operations.messaging,5,26,13:00,0.021032
operations.messaging,5,27,13:30,0.035737
operations.messaging,5,28,14:00,0.046173
operations.messaging,5,29,14:30,0.049588
operations.messaging,5,30,15:00,0.047747
operations.messaging,5,31,15:30,0.042428
operations.messaging,5,32,16:00,0.035645
operations.messaging,5,33,16:30,0.02935
operations.messaging,5,34,17:00,0.024714
operations.messaging,5,35,17:30,0.021862
operations.messaging,5,36,18:00,0.020156
operations.messaging,5,37,18:30,0.018734
operations.messaging,5,38,19:00,0.016977
operations.messaging,5,39,19:30,0.014704
operations.messaging,5,40,20:00,0.012104
operations.messaging,5,41,20:30,0.009536
operations.messaging,5,42,21:00,0.00732
operations.messaging,5,43,21:30,0.00563
operations.messaging,5,44,22:00,0.00448
operations.messaging,5,45,22:30,0.003778
operations.messaging,5,46,23:00,0.00339
operations.messaging,5,47,23:30,0.003197
operations.messaging,6,0,00:00,0.003052
operations.messaging,6,1,00:30,0.003052
operations.messaging,6,2,01:00,0.003052
operations.messaging,6,3,01:30,0.003052
operations.messaging,6,4,02:00,0.003052
operations.messaging,6,5,02:30,0.003052
operations.messaging,6,6,03:00,0.003052
operations.messaging,6,7,03:30,0.003053
operations.messaging,6,8,04:00,0.003059
operations.messaging,6,9,04:30,0.003117
operations.messaging,6,10,05:00,0.003527
operations.messaging,6,11,05:30,0.005407
operations.messaging,6,12,06:00,0.010723
operations.messaging,6,13,06:30,0.019483
operations.messaging,6,14,07:00,0.027049
operations.messaging,6,15,07:30,0.029809
operations.messaging,6,16,08:00,0.031795
operations.messaging,6,17,08:30,0.038459
operations.messaging,6,18,09:00,0.048659
operations.messaging,6,19,09:30,0.056904
operations.messaging,6,20,10:00,0.058817
operations.messaging,6,21,10:30,0.053632
operations.messaging,6,22,11:00,0.043843
operations.messaging,6,23,11:30,0.032361
operations.messaging,6,24,12:00,0.020586
operations.messaging,6,25,12:30,0.014073
operations.messaging,6,26,13:00,0.021032
operations.messaging,6,27,13:30,0.035737
operations.messaging,6,28,14:00,0.046173
operations.messaging,6,29,14:30,0.049588
operations.messaging,6,30,15:00,0.047747
operations.messaging,6,31,15:30,0.042428
operations.messaging,6,32,16:00,0.035645
operations.messaging,6,33,16:30,0.02935
operations.messaging,6,34,17:00,0.024714
operations.messaging,6,35,17:30,0.021862
operations.messaging,6,36,18:00,0.020156
operations.messaging,6,37,18:30,0.018734
operations.messaging,6,38,19:00,0.016977
operations.messaging,6,39,19:30,0.014704
operations.messaging,6,40,20:00,0.012104
operations.messaging,6,41,20:30,0.009536
operations.messaging,6,42,21:00,0.00732
operations.messaging,6,43,21:30,0.00563
operations.messaging,6,44,22:00,0.00448
operations.messaging,6,45,22:30,0.003778
operations.messaging,6,46,23:00,0.00339
operations.messaging,6,47,23:30,0.003197
quality.voice,0,0,00:00,0.003052
quality.voice,0,1,00:30,0.003052
quality.voice,0,2,01:00,0.003052
quality.voice,0,3,01:30,0.003052
quality.voice,0,4,02:00,0.003052
quality.voice,0,5,02:30,0.003052
quality.voice,0,6,03:00,0.003052
quality.voice,0,7,03:30,0.003053
quality.voice,0,8,04:00,0.003059
quality.voice,0,9,04:30,0.003117
quality.voice,0,10,05:00,0.003527
quality.voice,0,11,05:30,0.005407
quality.voice,0,12,06:00,0.010723
quality.voice,0,13,06:30,0.019483
quality.voice,0,14,07:00,0.027049
quality.voice,0,15,07:30,0.029809
quality.voice,0,16,08:00,0.031795
quality.voice,0,17,08:30,0.038459
quality.voice,0,18,09:00,0.048659
quality.voice,0,19,09:30,0.056904
quality.voice,0,20,10:00,0.058817
quality.voice,0,21,10:30,0.053632
quality.voice,0,22,11:00,0.043843
quality.voice,0,23,11:30,0.032361
quality.voice,0,24,12:00,0.020586
quality.voice,0,25,12:30,0.014073
quality.voice,0,26,13:00,0.021032
quality.voice,0,27,13:30,0.035737
quality.voice,0,28,14:00,0.046173
quality.voice,0,29,14:30,0.049588
quality.voice,0,30,15:00,0.047747
quality.voice,0,31,15:30,0.042428
quality.voice,0,32,16:00,0.035645
quality.voice,0,33,16:30,0.02935
quality.voice,0,34,17:00,0.024714
quality.voice,0,35,17:30,0.021862
quality.voice,0,36,18:00,0.020156
quality.voice,0,37,18:30,0.018734
quality.voice,0,38,19:00,0.016977
quality.voice,0,39,19:30,0.014704
quality.voice,0,40,20:00,0.012104
quality.voice,0,41,20:30,0.009536
quality.voice,0,42,21:00,0.00732
quality.voice,0,43,21:30,0.00563
quality.voice,0,44,22:00,0.00448
quality.voice,0,45,22:30,0.003778
quality.voice,0,46,23:00,0.00339
quality.voice,0,47,23:30,0.003197
quality.voice,1,0,00:00,0.003052
quality.voice,1,1,00:30,0.003052
quality.voice,1,2,01:00,0.003052
quality.voice,1,3,01:30,0.003052
quality.voice,1,4,02:00,0.003052
quality.voice,1,5,02:30,0.003052
quality.voice,1,6,03:00,0.003052
quality.voice,1,7,03:30,0.003053
quality.voice,1,8,04:00,0.003059
quality.voice,1,9,04:30,0.003117
quality.voice,1,10,05:00,0.003527
quality.voice,1,11,05:30,0.005407
quality.voice,1,12,06:00,0.010723
quality.voice,1,13,06:30,0.019483
quality.voice,1,14,07:00,0.027049
quality.voice,1,15,07:30,0.029809
quality.voice,1,16,08:00,0.031795
quality.voice,1,17,08:30,0.038459
quality.voice,1,18,09:00,0.048659
quality.voice,1,19,09:30,0.056904
quality.voice,1,20,10:00,0.058817
quality.voice,1,21,10:30,0.053632
quality.voice,1,22,11:00,0.043843
quality.voice,1,23,11:30,0.032361
quality.voice,1,24,12:00,0.020586
quality.voice,1,25,12:30,0.014073
quality.voice,1,26,13:00,0.021032
quality.voice,1,27,13:30,0.035737
quality.voice,1,28,14:00,0.046173
quality.voice,1,29,14:30,0.049588
quality.voice,1,30,15:00,0.047747
quality.voice,1,31,15:30,0.042428
quality.voice,1,32,16:00,0.035645
quality.voice,1,33,16:30,0.02935
quality.voice,1,34,17:00,0.024714
quality.voice,1,35,17:30,0.021862
quality.voice,1,36,18:00,0.020156
quality.voice,1,37,18:30,0.018734
quality.voice,1,38,19:00,0.016977
quality.voice,1,39,19:30,0.014704
quality.voice,1,40,20:00,0.012104
quality.voice,1,41,20:30,0.009536
quality.voice,1,42,21:00,0.00732
quality.voice,1,43,21:30,0.00563
quality.voice,1,44,22:00,0.00448
quality.voice,1,45,22:30,0.003778
quality.voice,1,46,23:00,0.00339
quality.voice,1,47,23:30,0.003197
quality.voice,2,0,00:00,0.003052
quality.voice,2,1,00:30,0.003052
quality.voice,2,2,01:00,0.003052
quality.voice,2,3,01:30,0.003052
quality.voice,2,4,02:00,0.003052
quality.voice,2,5,02:30,0.003052
quality.voice,2,6,03:00,0.003052
quality.voice,2,7,03:30,0.003053
quality.voice,2,8,04:00,0.003059
quality.voice,2,9,04:30,0.003117
quality.voice,2,10,05:00,0.003527
quality.voice,2,11,05:30,0.005407
quality.voice,2,12,06:00,0.010723
quality.voice,2,13,06:30,0.019483
quality.voice,2,14,07:00,0.027049
quality.voice,2,15,07:30,0.029809
quality.voice,2,16,08:00,0.031795
quality.voice,2,17,08:30,0.038459
quality.voice,2,18,09:00,0.048659
quality.voice,2,19,09:30,0.056904
quality.voice,2,20,10:00,0.058817
quality.voice,2,21,10:30,0.053632
quality.voice,2,22,11:00,0.043843
quality.voice,2,23,11:30,0.032361
quality.voice,2,24,12:00,0.020586
quality.voice,2,25,12:30,0.014073
quality.voice,2,26,13:00,0.021032
quality.voice,2,27,13:30,0.035737
quality.voice,2,28,14:00,0.046173
quality.voice,2,29,14:30,0.049588
quality.voice,2,30,15:00,0.047747
quality.voice,2,31,15:30,0.042428
quality.voice,2,32,16:00,0.035645
quality.voice,2,33,16:30,0.02935
quality.voice,2,34,17:00,0.024714
quality.voice,2,35,17:30,0.021862
quality.voice,2,36,18:00,0.020156
quality.voice,2,37,18:30,0.018734
quality.voice,2,38,19:00,0.016977
quality.voice,2,39,19:30,0.014704
quality.voice,2,40,20:00,0.012104
quality.voice,2,41,20:30,0.009536
quality.voice,2,42,21:00,0.00732
quality.voice,2,43,21:30,0.00563
quality.voice,2,44,22:00,0.00448
quality.voice,2,45,22:30,0.003778
quality.voice,2,46,23:00,0.00339
quality.voice,2,47,23:30,0.003197
quality.voice,3,0,00:00,0.003052
quality.voice,3,1,00:30,0.003052
quality.voice,3,2,01:00,0.003052
quality.voice,3,3,01:30,0.003052
quality.voice,3,4,02:00,0.003052
quality.voice,3,5,02:30,0.003052
quality.voice,3,6,03:00,0.003052
quality.voice,3,7,03:30,0.003053
quality.voice,3,8,04:00,0.003059
quality.voice,3,9,04:30,0.003117
quality.voice,3,10,05:00,0.003527
quality.voice,3,11,05:30,0.005407
quality.voice,3,12,06:00,0.010723
quality.voice,3,13,06:30,0.019483
quality.voice,3,14,07:00,0.027049
quality.voice,3,15,07:30,0.029809
quality.voice,3,16,08:00,0.031795
quality.voice,3,17,08:30,0.038459
quality.voice,3,18,09:00,0.048659
quality.voice,3,19,09:30,0.056904
quality.voice,3,20,10:00,0.058817
quality.voice,3,21,10:30,0.053632
quality.voice,3,22,11:00,0.043843
quality.voice,3,23,11:30,0.032361
quality.voice,3,24,12:00,0.020586
quality.voice,3,25,12:30,0.014073
quality.voice,3,26,13:00,0.021032
quality.voice,3,27,13:30,0.035737
quality.voice,3,28,14:00,0.046173
quality.voice,3,29,14:30,0.049588
quality.voice,3,30,15:00,0.047747
quality.voice,3,31,15:30,0.042428
quality.voice,3,32,16:00,0.035645
quality.voice,3,33,16:30,0.02935
quality.voice,3,34,17:00,0.024714
quality.voice,3,35,17:30,0.021862
quality.voice,3,36,18:00,0.020156
quality.voice,3,37,18:30,0.018734
quality.voice,3,38,19:00,0.016977
quality.voice,3,39,19:30,0.014704
quality.voice,3,40,20:00,0.012104
quality.voice,3,41,20:30,0.009536
quality.voice,3,42,21:00,0.00732
quality.voice,3,43,21:30,0.00563
quality.voice,3,44,22:00,0.00448
quality.voice,3,45,22:30,0.003778
quality.voice,3,46,23:00,0.00339
quality.voice,3,47,23:30,0.003197
quality.voice,4,0,00:00,0.003052
quality.voice,4,1,00:30,0.003052
quality.voice,4,2,01:00,0.003052
quality.voice,4,3,01:30,0.003052
quality.voice,4,4,02:00,0.003052
quality.voice,4,5,02:30,0.003052
quality.voice,4,6,03:00,0.003052
quality.voice,4,7,03:30,0.003053
quality.voice,4,8,04:00,0.003059
quality.voice,4,9,04:30,0.003117
quality.voice,4,10,05:00,0.003527
quality.voice,4,11,05:30,0.005407
quality.voice,4,12,06:00,0.010723
quality.voice,4,13,06:30,0.019483
quality.voice,4,14,07:00,0.027049
quality.voice,4,15,07:30,0.029809
quality.voice,4,16,08:00,0.031795
quality.voice,4,17,08:30,0.038459
quality.voice,4,18,09:00,0.048659
quality.voice,4,19,09:30,0.056904
quality.voice,4,20,10:00,0.058817
quality.voice,4,21,10:30,0.053632
quality.voice,4,22,11:00,0.043843
quality.voice,4,23,11:30,0.032361
quality.voice,4,24,12:00,0.020586
quality.voice,4,25,12:30,0.014073
quality.voice,4,26,13:00,0.021032
quality.voice,4,27,13:30,0.035737
quality.voice,4,28,14:00,0.046173
quality.voice,4,29,14:30,0.049588
quality.voice,4,30,15:00,0.047747
quality.voice,4,31,15:30,0.042428
quality.voice,4,32,16:00,0.035645
quality.voice,4,33,16:30,0.02935
quality.voice,4,34,17:00,0.024714
quality.voice,4,35,17:30,0.021862
quality.voice,4,36,18:00,0.020156
quality.voice,4,37,18:30,0.018734
quality.voice,4,38,19:00,0.016977
quality.voice,4,39,19:30,0.014704
quality.voice,4,40,20:00,0.012104
quality.voice,4,41,20:30,0.009536
quality.voice,4,42,21:00,0.00732
quality.voice,4,43,21:30,0.00563
quality.voice,4,44,22:00,0.00448
quality.voice,4,45,22:30,0.003778
quality.voice,4,46,23:00,0.00339
quality.voice,4,47,23:30,0.003197
quality.voice,5,0,00:00,0.003052
quality.voice,5,1,00:30,0.003052
quality.voice,5,2,01:00,0.003052
quality.voice,5,3,01:30,0.003052
quality.voice,5,4,02:00,0.003052
quality.voice,5,5,02:30,0.003052
quality.voice,5,6,03:00,0.003052
quality.voice,5,7,03:30,0.003053
quality.voice,5,8,04:00,0.003059
quality.voice,5,9,04:30,0.003117
quality.voice,5,10,05:00,0.003527
quality.voice,5,11,05:30,0.005407
quality.voice,5,12,06:00,0.010723
quality.voice,5,13,06:30,0.019483
quality.voice,5,14,07:00,0.027049
quality.voice,5,15,07:30,0.029809
quality.voice,5,16,08:00,0.031795
quality.voice,5,17,08:30,0.038459
quality.voice,5,18,09:00,0.048659
quality.voice,5,19,09:30,0.056904
quality.voice,5,20,10:00,0.058817
quality.voice,5,21,10:30,0.053632
quality.voice,5,22,11:00,0.043843
quality.voice,5,23,11:30,0.032361
quality.voice,5,24,12:00,0.020586
quality.voice,5,25,12:30,0.014073
quality.voice,5,26,13:00,0.021032
quality.voice,5,27,13:30,0.035737
quality.voice,5,28,14:00,0.046173
quality.voice,5,29,14:30,0.049588
quality.voice,5,30,15:00,0.047747
quality.voice,5,31,15:30,0.042428
quality.voice,5,32,16:00,0.035645
quality.voice,5,33,16:30,0.02935
quality.voice,5,34,17:00,0.024714
quality.voice,5,35,17:30,0.021862
quality.voice,5,36,18:00,0.020156
quality.voice,5,37,18:30,0.018734
quality.voice,5,38,19:00,0.016977
quality.voice,5,39,19:30,0.014704
quality.voice,5,40,20:00,0.012104
quality.voice,5,41,20:30,0.009536
quality.voice,5,42,21:00,0.00732
quality.voice,5,43,21:30,0.00563
quality.voice,5,44,22:00,0.00448
quality.voice,5,45,22:30,0.003778
quality.voice,5,46,23:00,0.00339
quality.voice,5,47,23:30,0.003197
quality.voice,6,0,00:00,0.003052
quality.voice,6,1,00:30,0.003052
quality.voice,6,2,01:00,0.003052
quality.voice,6,3,01:30,0.003052
quality.voice,6,4,02:00,0.003052
quality.voice,6,5,02:30,0.003052
quality.voice,6,6,03:00,0.003052
quality.voice,6,7,03:30,0.003053
quality.voice,6,8,04:00,0.003059
quality.voice,6,9,04:30,0.003117
quality.voice,6,10,05:00,0.003527
quality.voice,6,11,05:30,0.005407
quality.voice,6,12,06:00,0.010723
quality.voice,6,13,06:30,0.019483
quality.voice,6,14,07:00,0.027049
quality.voice,6,15,07:30,0.029809
quality.voice,6,16,08:00,0.031795
quality.voice,6,17,08:30,0.038459
quality.voice,6,18,09:00,0.048659
quality.voice,6,19,09:30,0.056904
quality.voice,6,20,10:00,0.058817
quality.voice,6,21,10:30,0.053632
quality.voice,6,22,11:00,0.043843
quality.voice,6,23,11:30,0.032361
quality.voice,6,24,12:00,0.020586
quality.voice,6,25,12:30,0.014073
quality.voice,6,26,13:00,0.021032
quality.voice,6,27,13:30,0.035737
quality.voice,6,28,14:00,0.046173
quality.voice,6,29,14:30,0.049588
quality.voice,6,30,15:00,0.047747
quality.voice,6,31,15:30,0.042428
quality.voice,6,32,16:00,0.035645
quality.voice,6,33,16:30,0.02935
quality.voice,6,34,17:00,0.024714
quality.voice,6,35,17:30,0.021862
quality.voice,6,36,18:00,0.020156
quality.voice,6,37,18:30,0.018734
quality.voice,6,38,19:00,0.016977
quality.voice,6,39,19:30,0.014704
quality.voice,6,40,20:00,0.012104
quality.voice,6,41,20:30,0.009536
quality.voice,6,42,21:00,0.00732
quality.voice,6,43,21:30,0.00563
quality.voice,6,44,22:00,0.00448
quality.voice,6,45,22:30,0.003778
quality.voice,6,46,23:00,0.00339
quality.voice,6,47,23:30,0.003197
affordability.voice,0,16,08:00,0.018112
affordability.voice,0,17,08:30,0.052578
affordability.voice,0,18,09:00,0.072579
affordability.voice,0,19,09:30,0.086711
affordability.voice,0,20,10:00,0.089916
affordability.voice,0,21,10:30,0.081564
affordability.voice,0,22,11:00,0.065778
affordability.voice,0,23,11:30,0.047257
affordability.voice,0,24,12:00,0.028254
affordability.voice,0,25,12:30,0.017711
affordability.voice,0,26,13:00,0.028833
affordability.voice,0,27,13:30,0.052316
affordability.voice,0,28,14:00,0.068667
affordability.voice,0,29,14:30,0.07327
affordability.voice,0,30,15:00,0.06876
affordability.voice,0,31,15:30,0.057819
affordability.voice,0,32,16:00,0.043641
affordability.voice,0,33,16:30,0.029564
affordability.voice,0,34,17:00,0.010785
affordability.voice,0,35,17:30,0.005885
affordability.voice,1,16,08:00,0.018112
affordability.voice,1,17,08:30,0.052578
affordability.voice,1,18,09:00,0.072579
affordability.voice,1,19,09:30,0.086711
affordability.voice,1,20,10:00,0.089916
affordability.voice,1,21,10:30,0.081564
affordability.voice,1,22,11:00,0.065778
affordability.voice,1,23,11:30,0.047257
affordability.voice,1,24,12:00,0.028254
affordability.voice,1,25,12:30,0.017711
affordability.voice,1,26,13:00,0.028833
affordability.voice,1,27,13:30,0.052316
affordability.voice,1,28,14:00,0.068667
affordability.voice,1,29,14:30,0.07327
affordability.voice,1,30,15:00,0.06876
affordability.voice,1,31,15:30,0.057819
affordability.voice,1,32,16:00,0.043641
affordability.voice,1,33,16:30,0.029564
affordability.voice,1,34,17:00,0.010785
affordability.voice,1,35,17:30,0.005885
affordability.voice,2,16,08:00,0.018112
affordability.voice,2,17,08:30,0.052578
affordability.voice,2,18,09:00,0.072579
affordability.voice,2,19,09:30,0.086711
affordability.voice,2,20,10:00,0.089916
affordability.voice,2,21,10:30,0.081564
affordability.voice,2,22,11:00,0.065778
affordability.voice,2,23,11:30,0.047257
affordability.voice,2,24,12:00,0.028254
affordability.voice,2,25,12:30,0.017711
affordability.voice,2,26,13:00,0.028833
affordability.voice,2,27,13:30,0.052316
affordability.voice,2,28,14:00,0.068667
affordability.voice,2,29,14:30,0.07327
affordability.voice,2,30,15:00,0.06876
affordability.voice,2,31,15:30,0.057819
affordability.voice,2,32,16:00,0.043641
affordability.voice,2,33,16:30,0.029564
affordability.voice,2,34,17:00,0.010785
affordability.voice,2,35,17:30,0.005885
affordability.voice,3,16,08:00,0.018112
affordability.voice,3,17,08:30,0.052578
affordability.voice,3,18,09:00,0.072579
affordability.voice,3,19,09:30,0.086711
affordability.voice,3,20,10:00,0.089916
affordability.voice,3,21,10:30,0.081564
affordability.voice,3,22,11:00,0.065778
affordability.voice,3,23,11:30,0.047257
affordability.voice,3,24,12:00,0.028254
affordability.voice,3,25,12:30,0.017711
affordability.voice,3,26,13:00,0.028833
affordability.voice,3,27,13:30,0.052316
affordability.voice,3,28,14:00,0.068667
affordability.voice,3,29,14:30,0.07327
affordability.voice,3,30,15:00,0.06876
affordability.voice,3,31,15:30,0.057819
affordability.voice,3,32,16:00,0.043641
affordability.voice,3,33,16:30,0.029564
affordability.voice,3,34,17:00,0.010785
affordability.voice,3,35,17:30,0.005885
affordability.voice,4,16,08:00,0.018112
affordability.voice,4,17,08:30,0.052578
affordability.voice,4,18,09:00,0.072579
affordability.voice,4,19,09:30,0.086711
affordability.voice,4,20,10:00,0.089916
affordability.voice,4,21,10:30,0.081564
affordability.voice,4,22,11:00,0.065778
affordability.voice,4,23,11:30,0.047257
affordability.voice,4,24,12:00,0.028254
affordability.voice,4,25,12:30,0.017711
affordability.voice,4,26,13:00,0.028833
affordability.voice,4,27,13:30,0.052316
affordability.voice,4,28,14:00,0.068667
affordability.voice,4,29,14:30,0.07327
affordability.voice,4,30,15:00,0.06876
affordability.voice,4,31,15:30,0.057819
affordability.voice,4,32,16:00,0.043641
affordability.voice,4,33,16:30,0.029564
affordability.voice,4,34,17:00,0.010785
affordability.voice,4,35,17:30,0.005885
affordability.voice,5,17,08:30,0.054675
affordability.voice,5,18,09:00,0.137226
affordability.voice,5,19,09:30,0.163945
affordability.voice,5,20,10:00,0.170004
affordability.voice,5,21,10:30,0.154214
affordability.voice,5,22,11:00,0.124366
affordability.voice,5,23,11:30,0.089349
affordability.voice,5,24,12:00,0.053419
affordability.voice,5,25,12:30,0.020092
affordability.voice,5,26,13:00,0.032709
affordability.back_office,0,16,08:00,0.018112
affordability.back_office,0,17,08:30,0.052578
affordability.back_office,0,18,09:00,0.072579
affordability.back_office,0,19,09:30,0.086711
affordability.back_office,0,20,10:00,0.089916
affordability.back_office,0,21,10:30,0.081564
affordability.back_office,0,22,11:00,0.065778
affordability.back_office,0,23,11:30,0.047257
affordability.back_office,0,24,12:00,0.028254
affordability.back_office,0,25,12:30,0.017711
affordability.back_office,0,26,13:00,0.028833
affordability.back_office,0,27,13:30,0.052316
affordability.back_office,0,28,14:00,0.068667
affordability.back_office,0,29,14:30,0.07327
affordability.back_office,0,30,15:00,0.06876
affordability.back_office,0,31,15:30,0.057819
affordability.back_office,0,32,16:00,0.043641
affordability.back_office,0,33,16:30,0.029564
affordability.back_office,0,34,17:00,0.010785
affordability.back_office,0,35,17:30,0.005885
affordability.back_office,1,16,08:00,0.018112
affordability.back_office,1,17,08:30,0.052578
affordability.back_office,1,18,09:00,0.072579
affordability.back_office,1,19,09:30,0.086711
affordability.back_office,1,20,10:00,0.089916
affordability.back_office,1,21,10:30,0.081564
affordability.back_office,1,22,11:00,0.065778
affordability.back_office,1,23,11:30,0.047257
affordability.back_office,1,24,12:00,0.028254
affordability.back_office,1,25,12:30,0.017711
affordability.back_office,1,26,13:00,0.028833
affordability.back_office,1,27,13:30,0.052316
affordability.back_office,1,28,14:00,0.068667
affordability.back_office,1,29,14:30,0.07327
affordability.back_office,1,30,15:00,0.06876
affordability.back_office,1,31,15:30,0.057819
affordability.back_office,1,32,16:00,0.043641
affordability.back_office,1,33,16:30,0.029564
affordability.back_office,1,34,17:00,0.010785
affordability.back_office,1,35,17:30,0.005885
affordability.back_office,2,16,08:00,0.018112
affordability.back_office,2,17,08:30,0.052578
affordability.back_office,2,18,09:00,0.072579
affordability.back_office,2,19,09:30,0.086711
affordability.back_office,2,20,10:00,0.089916
affordability.back_office,2,21,10:30,0.081564
affordability.back_office,2,22,11:00,0.065778
affordability.back_office,2,23,11:30,0.047257
affordability.back_office,2,24,12:00,0.028254
affordability.back_office,2,25,12:30,0.017711
affordability.back_office,2,26,13:00,0.028833
affordability.back_office,2,27,13:30,0.052316
affordability.back_office,2,28,14:00,0.068667
affordability.back_office,2,29,14:30,0.07327
affordability.back_office,2,30,15:00,0.06876
affordability.back_office,2,31,15:30,0.057819
affordability.back_office,2,32,16:00,0.043641
affordability.back_office,2,33,16:30,0.029564
affordability.back_office,2,34,17:00,0.010785
affordability.back_office,2,35,17:30,0.005885
affordability.back_office,3,16,08:00,0.018112
affordability.back_office,3,17,08:30,0.052578
affordability.back_office,3,18,09:00,0.072579
affordability.back_office,3,19,09:30,0.086711
affordability.back_office,3,20,10:00,0.089916
affordability.back_office,3,21,10:30,0.081564
affordability.back_office,3,22,11:00,0.065778
affordability.back_office,3,23,11:30,0.047257
affordability.back_office,3,24,12:00,0.028254
affordability.back_office,3,25,12:30,0.017711
affordability.back_office,3,26,13:00,0.028833
affordability.back_office,3,27,13:30,0.052316
affordability.back_office,3,28,14:00,0.068667
affordability.back_office,3,29,14:30,0.07327
affordability.back_office,3,30,15:00,0.06876
affordability.back_office,3,31,15:30,0.057819
affordability.back_office,3,32,16:00,0.043641
affordability.back_office,3,33,16:30,0.029564
affordability.back_office,3,34,17:00,0.010785
affordability.back_office,3,35,17:30,0.005885
affordability.back_office,4,16,08:00,0.018112
affordability.back_office,4,17,08:30,0.052578
affordability.back_office,4,18,09:00,0.072579
affordability.back_office,4,19,09:30,0.086711
affordability.back_office,4,20,10:00,0.089916
affordability.back_office,4,21,10:30,0.081564
affordability.back_office,4,22,11:00,0.065778
affordability.back_office,4,23,11:30,0.047257
affordability.back_office,4,24,12:00,0.028254
affordability.back_office,4,25,12:30,0.017711
affordability.back_office,4,26,13:00,0.028833
affordability.back_office,4,27,13:30,0.052316
affordability.back_office,4,28,14:00,0.068667
affordability.back_office,4,29,14:30,0.07327
affordability.back_office,4,30,15:00,0.06876
affordability.back_office,4,31,15:30,0.057819
affordability.back_office,4,32,16:00,0.043641
affordability.back_office,4,33,16:30,0.029564
affordability.back_office,4,34,17:00,0.010785
affordability.back_office,4,35,17:30,0.005885
movehome.voice,0,16,08:00,0.018112
movehome.voice,0,17,08:30,0.052578
movehome.voice,0,18,09:00,0.072579
movehome.voice,0,19,09:30,0.086711
movehome.voice,0,20,10:00,0.089916
movehome.voice,0,21,10:30,0.081564
movehome.voice,0,22,11:00,0.065778
movehome.voice,0,23,11:30,0.047257
movehome.voice,0,24,12:00,0.028254
movehome.voice,0,25,12:30,0.017711
movehome.voice,0,26,13:00,0.028833
movehome.voice,0,27,13:30,0.052316
movehome.voice,0,28,14:00,0.068667
movehome.voice,0,29,14:30,0.07327
movehome.voice,0,30,15:00,0.06876
movehome.voice,0,31,15:30,0.057819
movehome.voice,0,32,16:00,0.043641
movehome.voice,0,33,16:30,0.029564
movehome.voice,0,34,17:00,0.010785
movehome.voice,0,35,17:30,0.005885
movehome.voice,1,16,08:00,0.018112
movehome.voice,1,17,08:30,0.052578
movehome.voice,1,18,09:00,0.072579
movehome.voice,1,19,09:30,0.086711
movehome.voice,1,20,10:00,0.089916
movehome.voice,1,21,10:30,0.081564
movehome.voice,1,22,11:00,0.065778
movehome.voice,1,23,11:30,0.047257
movehome.voice,1,24,12:00,0.028254
movehome.voice,1,25,12:30,0.017711
movehome.voice,1,26,13:00,0.028833
movehome.voice,1,27,13:30,0.052316
movehome.voice,1,28,14:00,0.068667
movehome.voice,1,29,14:30,0.07327
movehome.voice,1,30,15:00,0.06876
movehome.voice,1,31,15:30,0.057819
movehome.voice,1,32,16:00,0.043641
movehome.voice,1,33,16:30,0.029564
movehome.voice,1,34,17:00,0.010785
movehome.voice,1,35,17:30,0.005885
movehome.voice,2,16,08:00,0.018112
movehome.voice,2,17,08:30,0.052578
movehome.voice,2,18,09:00,0.072579
movehome.voice,2,19,09:30,0.086711
movehome.voice,2,20,10:00,0.089916
movehome.voice,2,21,10:30,0.081564
movehome.voice,2,22,11:00,0.065778
movehome.voice,2,23,11:30,0.047257
movehome.voice,2,24,12:00,0.028254
movehome.voice,2,25,12:30,0.017711
movehome.voice,2,26,13:00,0.028833
movehome.voice,2,27,13:30,0.052316
movehome.voice,2,28,14:00,0.068667
movehome.voice,2,29,14:30,0.07327
movehome.voice,2,30,15:00,0.06876
movehome.voice,2,31,15:30,0.057819
movehome.voice,2,32,16:00,0.043641
movehome.voice,2,33,16:30,0.029564
movehome.voice,2,34,17:00,0.010785
movehome.voice,2,35,17:30,0.005885
movehome.voice,3,16,08:00,0.018112
movehome.voice,3,17,08:30,0.052578
movehome.voice,3,18,09:00,0.072579
movehome.voice,3,19,09:30,0.086711
movehome.voice,3,20,10:00,0.089916
movehome.voice,3,21,10:30,0.081564
movehome.voice,3,22,11:00,0.065778
movehome.voice,3,23,11:30,0.047257
movehome.voice,3,24,12:00,0.028254
movehome.voice,3,25,12:30,0.017711
movehome.voice,3,26,13:00,0.028833
movehome.voice,3,27,13:30,0.052316
movehome.voice,3,28,14:00,0.068667
movehome.voice,3,29,14:30,0.07327
movehome.voice,3,30,15:00,0.06876
movehome.voice,3,31,15:30,0.057819
movehome.voice,3,32,16:00,0.043641
movehome.voice,3,33,16:30,0.029564
movehome.voice,3,34,17:00,0.010785
movehome.voice,3,35,17:30,0.005885
movehome.voice,4,16,08:00,0.018112
movehome.voice,4,17,08:30,0.052578
movehome.voice,4,18,09:00,0.072579
movehome.voice,4,19,09:30,0.086711
movehome.voice,4,20,10:00,0.089916
movehome.voice,4,21,10:30,0.081564
movehome.voice,4,22,11:00,0.065778
movehome.voice,4,23,11:30,0.047257
movehome.voice,4,24,12:00,0.028254
movehome.voice,4,25,12:30,0.017711
movehome.voice,4,26,13:00,0.028833
movehome.voice,4,27,13:30,0.052316
movehome.voice,4,28,14:00,0.068667
movehome.voice,4,29,14:30,0.07327
movehome.voice,4,30,15:00,0.06876
movehome.voice,4,31,15:30,0.057819
movehome.voice,4,32,16:00,0.043641
movehome.voice,4,33,16:30,0.029564
movehome.voice,4,34,17:00,0.010785
movehome.voice,4,35,17:30,0.005885
movehome.voice,5,17,08:30,0.054675
movehome.voice,5,18,09:00,0.137226
movehome.voice,5,19,09:30,0.163945
movehome.voice,5,20,10:00,0.170004
movehome.voice,5,21,10:30,0.154214
movehome.voice,5,22,11:00,0.124366
movehome.voice,5,23,11:30,0.089349
movehome.voice,5,24,12:00,0.053419
movehome.voice,5,25,12:30,0.020092
movehome.voice,5,26,13:00,0.032709
movehome.webchat,0,16,08:00,0.018112
movehome.webchat,0,17,08:30,0.052578
movehome.webchat,0,18,09:00,0.072579
movehome.webchat,0,19,09:30,0.086711
movehome.webchat,0,20,10:00,0.089916
movehome.webchat,0,21,10:30,0.081564
movehome.webchat,0,22,11:00,0.065778
movehome.webchat,0,23,11:30,0.047257
movehome.webchat,0,24,12:00,0.028254
movehome.webchat,0,25,12:30,0.017711
movehome.webchat,0,26,13:00,0.028833
movehome.webchat,0,27,13:30,0.052316
movehome.webchat,0,28,14:00,0.068667
movehome.webchat,0,29,14:30,0.07327
movehome.webchat,0,30,15:00,0.06876
movehome.webchat,0,31,15:30,0.057819
movehome.webchat,0,32,16:00,0.043641
movehome.webchat,0,33,16:30,0.029564
movehome.webchat,0,34,17:00,0.010785
movehome.webchat,0,35,17:30,0.005885
movehome.webchat,1,16,08:00,0.018112
movehome.webchat,1,17,08:30,0.052578
movehome.webchat,1,18,09:00,0.072579
movehome.webchat,1,19,09:30,0.086711
movehome.webchat,1,20,10:00,0.089916
movehome.webchat,1,21,10:30,0.081564
movehome.webchat,1,22,11:00,0.065778
movehome.webchat,1,23,11:30,0.047257
movehome.webchat,1,24,12:00,0.028254
movehome.webchat,1,25,12:30,0.017711
movehome.webchat,1,26,13:00,0.028833
movehome.webchat,1,27,13:30,0.052316
movehome.webchat,1,28,14:00,0.068667
movehome.webchat,1,29,14:30,0.07327
movehome.webchat,1,30,15:00,0.06876
movehome.webchat,1,31,15:30,0.057819
movehome.webchat,1,32,16:00,0.043641
movehome.webchat,1,33,16:30,0.029564
movehome.webchat,1,34,17:00,0.010785
movehome.webchat,1,35,17:30,0.005885
movehome.webchat,2,16,08:00,0.018112
movehome.webchat,2,17,08:30,0.052578
movehome.webchat,2,18,09:00,0.072579
movehome.webchat,2,19,09:30,0.086711
movehome.webchat,2,20,10:00,0.089916
movehome.webchat,2,21,10:30,0.081564
movehome.webchat,2,22,11:00,0.065778
movehome.webchat,2,23,11:30,0.047257
movehome.webchat,2,24,12:00,0.028254
movehome.webchat,2,25,12:30,0.017711
movehome.webchat,2,26,13:00,0.028833
movehome.webchat,2,27,13:30,0.052316
movehome.webchat,2,28,14:00,0.068667
movehome.webchat,2,29,14:30,0.07327
movehome.webchat,2,30,15:00,0.06876
movehome.webchat,2,31,15:30,0.057819
movehome.webchat,2,32,16:00,0.043641
movehome.webchat,2,33,16:30,0.029564
movehome.webchat,2,34,17:00,0.010785
movehome.webchat,2,35,17:30,0.005885
movehome.webchat,3,16,08:00,0.018112
movehome.webchat,3,17,08:30,0.052578
movehome.webchat,3,18,09:00,0.072579
movehome.webchat,3,19,09:30,0.086711
movehome.webchat,3,20,10:00,0.089916
movehome.webchat,3,21,10:30,0.081564
movehome.webchat,3,22,11:00,0.065778
movehome.webchat,3,23,11:30,0.047257
movehome.webchat,3,24,12:00,0.028254
movehome.webchat,3,25,12:30,0.017711
movehome.webchat,3,26,13:00,0.028833
movehome.webchat,3,27,13:30,0.052316
movehome.webchat,3,28,14:00,0.068667
movehome.webchat,3,29,14:30,0.07327
movehome.webchat,3,30,15:00,0.06876
movehome.webchat,3,31,15:30,0.057819
movehome.webchat,3,32,16:00,0.043641
movehome.webchat,3,33,16:30,0.029564
movehome.webchat,3,34,17:00,0.010785
movehome.webchat,3,35,17:30,0.005885
movehome.webchat,4,16,08:00,0.018112
movehome.webchat,4,17,08:30,0.052578
movehome.webchat,4,18,09:00,0.072579
movehome.webchat,4,19,09:30,0.086711
movehome.webchat,4,20,10:00,0.089916
movehome.webchat,4,21,10:30,0.081564
movehome.webchat,4,22,11:00,0.065778
movehome.webchat,4,23,11:30,0.047257
movehome.webchat,4,24,12:00,0.028254
movehome.webchat,4,25,12:30,0.017711
movehome.webchat,4,26,13:00,0.028833
movehome.webchat,4,27,13:30,0.052316
movehome.webchat,4,28,14:00,0.068667
movehome.webchat,4,29,14:30,0.07327
movehome.webchat,4,30,15:00,0.06876
movehome.webchat,4,31,15:30,0.057819
movehome.webchat,4,32,16:00,0.043641
movehome.webchat,4,33,16:30,0.029564
movehome.webchat,4,34,17:00,0.010785
movehome.webchat,4,35,17:30,0.005885
movehome.webchat,5,17,08:30,0.054675
movehome.webchat,5,18,09:00,0.137226
movehome.webchat,5,19,09:30,0.163945
movehome.webchat,5,20,10:00,0.170004
movehome.webchat,5,21,10:30,0.154214
movehome.webchat,5,22,11:00,0.124366
movehome.webchat,5,23,11:30,0.089349
movehome.webchat,5,24,12:00,0.053419
movehome.webchat,5,25,12:30,0.020092
movehome.webchat,5,26,13:00,0.032709
welsh.voice,0,16,08:00,0.018112
welsh.voice,0,17,08:30,0.052578
welsh.voice,0,18,09:00,0.072579
welsh.voice,0,19,09:30,0.086711
welsh.voice,0,20,10:00,0.089916
welsh.voice,0,21,10:30,0.081564
welsh.voice,0,22,11:00,0.065778
welsh.voice,0,23,11:30,0.047257
welsh.voice,0,24,12:00,0.028254
welsh.voice,0,25,12:30,0.017711
welsh.voice,0,26,13:00,0.028833
welsh.voice,0,27,13:30,0.052316
welsh.voice,0,28,14:00,0.068667
welsh.voice,0,29,14:30,0.07327
welsh.voice,0,30,15:00,0.06876
welsh.voice,0,31,15:30,0.057819
welsh.voice,0,32,16:00,0.043641
welsh.voice,0,33,16:30,0.029564
welsh.voice,0,34,17:00,0.010785
welsh.voice,0,35,17:30,0.005885
welsh.voice,1,16,08:00,0.018112
welsh.voice,1,17,08:30,0.052578
welsh.voice,1,18,09:00,0.072579
welsh.voice,1,19,09:30,0.086711
welsh.voice,1,20,10:00,0.089916
welsh.voice,1,21,10:30,0.081564
welsh.voice,1,22,11:00,0.065778
welsh.voice,1,23,11:30,0.047257
welsh.voice,1,24,12:00,0.028254
welsh.voice,1,25,12:30,0.017711
welsh.voice,1,26,13:00,0.028833
welsh.voice,1,27,13:30,0.052316
welsh.voice,1,28,14:00,0.068667
welsh.voice,1,29,14:30,0.07327
welsh.voice,1,30,15:00,0.06876
welsh.voice,1,31,15:30,0.057819
welsh.voice,1,32,16:00,0.043641
welsh.voice,1,33,16:30,0.029564
welsh.voice,1,34,17:00,0.010785
welsh.voice,1,35,17:30,0.005885
welsh.voice,2,16,08:00,0.018112
welsh.voice,2,17,08:30,0.052578
welsh.voice,2,18,09:00,0.072579
welsh.voice,2,19,09:30,0.086711
welsh.voice,2,20,10:00,0.089916
welsh.voice,2,21,10:30,0.081564
welsh.voice,2,22,11:00,0.065778
welsh.voice,2,23,11:30,0.047257
welsh.voice,2,24,12:00,0.028254
welsh.voice,2,25,12:30,0.017711
welsh.voice,2,26,13:00,0.028833
welsh.voice,2,27,13:30,0.052316
welsh.voice,2,28,14:00,0.068667
welsh.voice,2,29,14:30,0.07327
welsh.voice,2,30,15:00,0.06876
welsh.voice,2,31,15:30,0.057819
welsh.voice,2,32,16:00,0.043641
welsh.voice,2,33,16:30,0.029564
welsh.voice,2,34,17:00,0.010785
welsh.voice,2,35,17:30,0.005885
welsh.voice,3,16,08:00,0.018112
welsh.voice,3,17,08:30,0.052578
welsh.voice,3,18,09:00,0.072579
welsh.voice,3,19,09:30,0.086711
welsh.voice,3,20,10:00,0.089916
welsh.voice,3,21,10:30,0.081564
welsh.voice,3,22,11:00,0.065778
welsh.voice,3,23,11:30,0.047257
welsh.voice,3,24,12:00,0.028254
welsh.voice,3,25,12:30,0.017711
welsh.voice,3,26,13:00,0.028833
welsh.voice,3,27,13:30,0.052316
welsh.voice,3,28,14:00,0.068667
welsh.voice,3,29,14:30,0.07327
welsh.voice,3,30,15:00,0.06876
welsh.voice,3,31,15:30,0.057819
welsh.voice,3,32,16:00,0.043641
welsh.voice,3,33,16:30,0.029564
welsh.voice,3,34,17:00,0.010785
welsh.voice,3,35,17:30,0.005885
welsh.voice,4,16,08:00,0.018112
welsh.voice,4,17,08:30,0.052578
welsh.voice,4,18,09:00,0.072579
welsh.voice,4,19,09:30,0.086711
welsh.voice,4,20,10:00,0.089916
welsh.voice,4,21,10:30,0.081564
welsh.voice,4,22,11:00,0.065778
welsh.voice,4,23,11:30,0.047257
welsh.voice,4,24,12:00,0.028254
welsh.voice,4,25,12:30,0.017711
welsh.voice,4,26,13:00,0.028833
welsh.voice,4,27,13:30,0.052316
welsh.voice,4,28,14:00,0.068667
welsh.voice,4,29,14:30,0.07327
welsh.voice,4,30,15:00,0.06876
welsh.voice,4,31,15:30,0.057819
welsh.voice,4,32,16:00,0.043641
welsh.voice,4,33,16:30,0.029564
welsh.voice,4,34,17:00,0.010785
welsh.voice,4,35,17:30,0.005885
welsh.voice,5,17,08:30,0.054675
welsh.voice,5,18,09:00,0.137226
welsh.voice,5,19,09:30,0.163945
welsh.voice,5,20,10:00,0.170004
welsh.voice,5,21,10:30,0.154214
welsh.voice,5,22,11:00,0.124366
welsh.voice,5,23,11:30,0.089349
welsh.voice,5,24,12:00,0.053419
welsh.voice,5,25,12:30,0.020092
welsh.voice,5,26,13:00,0.032709
complaints.back_office,0,16,08:00,0.018112
complaints.back_office,0,17,08:30,0.052578
complaints.back_office,0,18,09:00,0.072579
complaints.back_office,0,19,09:30,0.086711
complaints.back_office,0,20,10:00,0.089916
complaints.back_office,0,21,10:30,0.081564
complaints.back_office,0,22,11:00,0.065778
complaints.back_office,0,23,11:30,0.047257
complaints.back_office,0,24,12:00,0.028254
complaints.back_office,0,25,12:30,0.017711
complaints.back_office,0,26,13:00,0.028833
complaints.back_office,0,27,13:30,0.052316
complaints.back_office,0,28,14:00,0.068667
complaints.back_office,0,29,14:30,0.07327
complaints.back_office,0,30,15:00,0.06876
complaints.back_office,0,31,15:30,0.057819
complaints.back_office,0,32,16:00,0.043641
complaints.back_office,0,33,16:30,0.029564
complaints.back_office,0,34,17:00,0.010785
complaints.back_office,0,35,17:30,0.005885
complaints.back_office,1,16,08:00,0.018112
complaints.back_office,1,17,08:30,0.052578
complaints.back_office,1,18,09:00,0.072579
complaints.back_office,1,19,09:30,0.086711
complaints.back_office,1,20,10:00,0.089916
complaints.back_office,1,21,10:30,0.081564
complaints.back_office,1,22,11:00,0.065778
complaints.back_office,1,23,11:30,0.047257
complaints.back_office,1,24,12:00,0.028254
complaints.back_office,1,25,12:30,0.017711
complaints.back_office,1,26,13:00,0.028833
complaints.back_office,1,27,13:30,0.052316
complaints.back_office,1,28,14:00,0.068667
complaints.back_office,1,29,14:30,0.07327
complaints.back_office,1,30,15:00,0.06876
complaints.back_office,1,31,15:30,0.057819
complaints.back_office,1,32,16:00,0.043641
complaints.back_office,1,33,16:30,0.029564
complaints.back_office,1,34,17:00,0.010785
complaints.back_office,1,35,17:30,0.005885
complaints.back_office,2,16,08:00,0.018112
complaints.back_office,2,17,08:30,0.052578
complaints.back_office,2,18,09:00,0.072579
complaints.back_office,2,19,09:30,0.086711
complaints.back_office,2,20,10:00,0.089916
complaints.back_office,2,21,10:30,0.081564
complaints.back_office,2,22,11:00,0.065778
complaints.back_office,2,23,11:30,0.047257
complaints.back_office,2,24,12:00,0.028254
complaints.back_office,2,25,12:30,0.017711
complaints.back_office,2,26,13:00,0.028833
complaints.back_office,2,27,13:30,0.052316
complaints.back_office,2,28,14:00,0.068667
complaints.back_office,2,29,14:30,0.07327
complaints.back_office,2,30,15:00,0.06876
complaints.back_office,2,31,15:30,0.057819
complaints.back_office,2,32,16:00,0.043641
complaints.back_office,2,33,16:30,0.029564
complaints.back_office,2,34,17:00,0.010785
complaints.back_office,2,35,17:30,0.005885
complaints.back_office,3,16,08:00,0.018112
complaints.back_office,3,17,08:30,0.052578
complaints.back_office,3,18,09:00,0.072579
complaints.back_office,3,19,09:30,0.086711
complaints.back_office,3,20,10:00,0.089916
complaints.back_office,3,21,10:30,0.081564
complaints.back_office,3,22,11:00,0.065778
complaints.back_office,3,23,11:30,0.047257
complaints.back_office,3,24,12:00,0.028254
complaints.back_office,3,25,12:30,0.017711
complaints.back_office,3,26,13:00,0.028833
complaints.back_office,3,27,13:30,0.052316
complaints.back_office,3,28,14:00,0.068667
complaints.back_office,3,29,14:30,0.07327
complaints.back_office,3,30,15:00,0.06876
complaints.back_office,3,31,15:30,0.057819
complaints.back_office,3,32,16:00,0.043641
complaints.back_office,3,33,16:30,0.029564
complaints.back_office,3,34,17:00,0.010785
complaints.back_office,3,35,17:30,0.005885
complaints.back_office,4,16,08:00,0.018112
complaints.back_office,4,17,08:30,0.052578
complaints.back_office,4,18,09:00,0.072579
complaints.back_office,4,19,09:30,0.086711
complaints.back_office,4,20,10:00,0.089916
complaints.back_office,4,21,10:30,0.081564
complaints.back_office,4,22,11:00,0.065778
complaints.back_office,4,23,11:30,0.047257
complaints.back_office,4,24,12:00,0.028254
complaints.back_office,4,25,12:30,0.017711
complaints.back_office,4,26,13:00,0.028833
complaints.back_office,4,27,13:30,0.052316
complaints.back_office,4,28,14:00,0.068667
complaints.back_office,4,29,14:30,0.07327
complaints.back_office,4,30,15:00,0.06876
complaints.back_office,4,31,15:30,0.057819
complaints.back_office,4,32,16:00,0.043641
complaints.back_office,4,33,16:30,0.029564
complaints.back_office,4,34,17:00,0.010785
complaints.back_office,4,35,17:30,0.005885
billing.back_office,0,16,08:00,0.018112
billing.back_office,0,17,08:30,0.052578
billing.back_office,0,18,09:00,0.072579
billing.back_office,0,19,09:30,0.086711
billing.back_office,0,20,10:00,0.089916
billing.back_office,0,21,10:30,0.081564
billing.back_office,0,22,11:00,0.065778
billing.back_office,0,23,11:30,0.047257
billing.back_office,0,24,12:00,0.028254
billing.back_office,0,25,12:30,0.017711
billing.back_office,0,26,13:00,0.028833
billing.back_office,0,27,13:30,0.052316
billing.back_office,0,28,14:00,0.068667
billing.back_office,0,29,14:30,0.07327
billing.back_office,0,30,15:00,0.06876
billing.back_office,0,31,15:30,0.057819
billing.back_office,0,32,16:00,0.043641
billing.back_office,0,33,16:30,0.029564
billing.back_office,0,34,17:00,0.010785
billing.back_office,0,35,17:30,0.005885
billing.back_office,1,16,08:00,0.018112
billing.back_office,1,17,08:30,0.052578
billing.back_office,1,18,09:00,0.072579
billing.back_office,1,19,09:30,0.086711
billing.back_office,1,20,10:00,0.089916
billing.back_office,1,21,10:30,0.081564
billing.back_office,1,22,11:00,0.065778
billing.back_office,1,23,11:30,0.047257
billing.back_office,1,24,12:00,0.028254
billing.back_office,1,25,12:30,0.017711
billing.back_office,1,26,13:00,0.028833
billing.back_office,1,27,13:30,0.052316
billing.back_office,1,28,14:00,0.068667
billing.back_office,1,29,14:30,0.07327
billing.back_office,1,30,15:00,0.06876
billing.back_office,1,31,15:30,0.057819
billing.back_office,1,32,16:00,0.043641
billing.back_office,1,33,16:30,0.029564
billing.back_office,1,34,17:00,0.010785
billing.back_office,1,35,17:30,0.005885
billing.back_office,2,16,08:00,0.018112
billing.back_office,2,17,08:30,0.052578
billing.back_office,2,18,09:00,0.072579
billing.back_office,2,19,09:30,0.086711
billing.back_office,2,20,10:00,0.089916
billing.back_office,2,21,10:30,0.081564
billing.back_office,2,22,11:00,0.065778
billing.back_office,2,23,11:30,0.047257
billing.back_office,2,24,12:00,0.028254
billing.back_office,2,25,12:30,0.017711
billing.back_office,2,26,13:00,0.028833
billing.back_office,2,27,13:30,0.052316
billing.back_office,2,28,14:00,0.068667
billing.back_office,2,29,14:30,0.07327
billing.back_office,2,30,15:00,0.06876
billing.back_office,2,31,15:30,0.057819
billing.back_office,2,32,16:00,0.043641
billing.back_office,2,33,16:30,0.029564
billing.back_office,2,34,17:00,0.010785
billing.back_office,2,35,17:30,0.005885
billing.back_office,3,16,08:00,0.018112
billing.back_office,3,17,08:30,0.052578
billing.back_office,3,18,09:00,0.072579
billing.back_office,3,19,09:30,0.086711
billing.back_office,3,20,10:00,0.089916
billing.back_office,3,21,10:30,0.081564
billing.back_office,3,22,11:00,0.065778
billing.back_office,3,23,11:30,0.047257
billing.back_office,3,24,12:00,0.028254
billing.back_office,3,25,12:30,0.017711
billing.back_office,3,26,13:00,0.028833
billing.back_office,3,27,13:30,0.052316
billing.back_office,3,28,14:00,0.068667
billing.back_office,3,29,14:30,0.07327
billing.back_office,3,30,15:00,0.06876
billing.back_office,3,31,15:30,0.057819
billing.back_office,3,32,16:00,0.043641
billing.back_office,3,33,16:30,0.029564
billing.back_office,3,34,17:00,0.010785
billing.back_office,3,35,17:30,0.005885
billing.back_office,4,16,08:00,0.018112
billing.back_office,4,17,08:30,0.052578
billing.back_office,4,18,09:00,0.072579
billing.back_office,4,19,09:30,0.086711
billing.back_office,4,20,10:00,0.089916
billing.back_office,4,21,10:30,0.081564
billing.back_office,4,22,11:00,0.065778
billing.back_office,4,23,11:30,0.047257
billing.back_office,4,24,12:00,0.028254
billing.back_office,4,25,12:30,0.017711
billing.back_office,4,26,13:00,0.028833
billing.back_office,4,27,13:30,0.052316
billing.back_office,4,28,14:00,0.068667
billing.back_office,4,29,14:30,0.07327
billing.back_office,4,30,15:00,0.06876
billing.back_office,4,31,15:30,0.057819
billing.back_office,4,32,16:00,0.043641
billing.back_office,4,33,16:30,0.029564
billing.back_office,4,34,17:00,0.010785
billing.back_office,4,35,17:30,0.005885
